url,한글title,영문title,스크린뷰
https://mweb2.lottecard.co.kr/app/LPBNFDA_V300.lc,(not set),혜택>이벤트>이벤트상세,128461
https://mweb2.lottecard.co.kr/spa/cdd/customer-due-diligence-info,(not set),CDD>시작>고객확인의무재이행시작,106681
https://corp.lottecard.co.kr/app/LCMANAA_V100.lc,(not set),app>LCMANAA_V100.lc,98006
https://mweb2.lottecard.co.kr/spa/card/cards/credit/catalog/card-detail,(not set),카드>카드안내/신청>카드상세,88881
https://mweb2.lottecard.co.kr/spa/mydata/service-join/direct-payment,(not set),마이데이터>자산추가>즉시결제 마이데이터 메인,82377
https://mweb2.lottecard.co.kr/app/spa-main.lc,(not set),모빌리티>메인,77634
https://corp.lottecard.co.kr/app/LCACCCA_V302.lc,(not set),app>LCACCCA_V302.lc,46377
(not set),(not set),(not set),39599
https://mweb2.lottecard.co.kr/app/LPBNFDA_V880.lc,(not set),app>LPBNFDA_V880.lc,38866
https://corp.lottecard.co.kr/app/LCMBRAA_V100.lc,(not set),app>LCMBRAA_V100.lc,38572
https://m.lottecard.co.kr/front/card/issuance,(not set),front>card>issuance,37154
https://corp.lottecard.co.kr/app/LCACCCA_V403.lc,(not set),app>LCACCCA_V403.lc,36000
https://corp.lottecard.co.kr/app/LCACCCE_V100.lc,(not set),app>LCACCCE_V100.lc,34015
https://mweb2.lottecard.co.kr/app/LPBNFDA_V850.lc,(not set),(not set),31550
https://mweb2.lottecard.co.kr/app/api/LPMBRAA_V400.lc,(not set),MEMBERS>회원가입,18699
https://mweb2.lottecard.co.kr/app/LPBNFBA_V103.lc,(not set),혜택>포인트/마일리지조회,16391
https://corp.lottecard.co.kr/app/LCACCCD_V100.lc,(not set),app>LCACCCD_V100.lc,16137
https://mweb2.lottecard.co.kr/spa/cdd/customer-due-diligence-cert1,(not set),CDD>인증1>고객확인의무재이행 정보입력 휴대폰 주소,15863
https://corp.lottecard.co.kr/app/LCACCDA_V100.lc,(not set),app>LCACCDA_V100.lc,15198
https://corp.lottecard.co.kr/app/LCMBRAA_V110.lc,(not set),app>LCMBRAA_V110.lc,14201
https://mweb2.lottecard.co.kr/app/LPCSTHA_V110.lc,(not set),고객센터>재발급신청>카드선택,12411
https://mweb2.lottecard.co.kr/spa/card/card-apl/card-info,(not set),카드>신용카드>카드정보,12264
https://mc.lottecard.co.kr/app/LCMANAA_V100.lc,(not set),app>LCMANAA_V100.lc,11932
selly.lottecard.co.kr/login,(not set),(not set),10416
https://corp.lottecard.co.kr/app/LCACCCD_V200.lc,(not set),app>LCACCCD_V200.lc,9506
https://mbt.lottecard.co.kr/app/ticketing/MPTRSBA_V100.lc,(not set),모빌리티>시외버스>배차조회>편도,8782
https://mweb2.lottecard.co.kr/app/LPCSTPT_V230.lc,(not set),app>LPCSTPT_V230.lc,8734
https://mweb2.lottecard.co.kr/spa/card/card-apl/card-phone-cert,(not set),카드>신용카드>본인확인,8499
https://corp.lottecard.co.kr/app/LCPRDEA_V100.lc,(not set),app>LCPRDEA_V100.lc,7941
https://m.lottecard.co.kr/front/card/basic/credit/info/card-find-tab/,(not set),front>card>basic>credit>info>card-find-tab,7804
https://mweb2.lottecard.co.kr/app/OCRAuthCameraViewController,(not set),로카페이>등록>신분증인증>타인명의 로카페이 등록,7482
https://corp.lottecard.co.kr/app/LCACCCA_V303.lc,(not set),app>LCACCCA_V303.lc,7335
https://corp.lottecard.co.kr/app/LCACCCB_V100.lc,(not set),app>LCACCCB_V100.lc,5672
https://mweb2.lottecard.co.kr/app/LPBNFQD_V300.lc,(not set),혜택>국가바우처>이용내역조회,5105
https://m.lottecard.co.kr/front/card/basic/credit/info/lotte-members/,(not set),front>card>basic>credit>info>lotte-members,4460
selly.lottecard.co.kr/salesReport/deposit,(not set),(not set),4225
https://mweb2.lottecard.co.kr/app/IdPasswordInputFragment,(not set),로그인>아이디로그인>정보입력(아이디가있는경우),3951
selly.lottecard.co.kr/event/smallBizOwner/policyFunds,(not set),(not set),3834
selly.lottecard.co.kr/event/linkageSupport,(not set),(not set),3775
https://mweb2.lottecard.co.kr/app/LPBNFBA_V104.lc,(not set),혜택>포인트/마일리지조회,3589
selly.lottecard.co.kr/https:/selly.lottecard.co.kr/event/smallBizOwner/policyFunds,(not set),(not set),3472
https://mc.lottecard.co.kr/app/LCACCCE_V100.lc,(not set),app>LCACCCE_V100.lc,2455
https://mweb2.lottecard.co.kr/app/LPBNFQD_V700.lc,(not set),혜택>국가바우처>이용내역조회,2181
https://mweb2.lottecard.co.kr/spa/mydata/native/assets-connect-1,(not set),마이데이터>자산연결>상세정보 전송요구 동의,1839
https://mweb2.lottecard.co.kr/spa/mydata/native/assets-connect-3,(not set),마이데이터>자산연결>상세정보 전송요구 동의,1770
https://mweb2.lottecard.co.kr/spa/local/lnc-v-dpay,(not set),로컬>점심값반띵>내주변,1692
https://mweb2.lottecard.co.kr/app/CertificationAuthCallFragment,(not set),로그인>인증서로그인>인증서설정,1692
https://mc.lottecard.co.kr/app/LCACCCA_V302.lc,(not set),app>LCACCCA_V302.lc,1350
https://m.lottecard.co.kr/front/card/basic/credit/info/london/,(not set),front>card>basic>credit>info>london,1066
https://m.lottecard.co.kr/front/card/basic/credit/info/likit1.2/,(not set),front>card>basic>credit>info>likit1.2,1066
https://mc.lottecard.co.kr/app/LCACCDA_V100.lc,(not set),app>LCACCDA_V100.lc,998
https://m.lottecard.co.kr/front/card/basic/credit/info/las-vegas/,(not set),front>card>basic>credit>info>las-vegas,890
https://m.lottecard.co.kr/app/LPMCDBA_V000.lc,(not set),app>LPMCDBA_V000.lc,831
https://m.lottecard.co.kr/front/card/basic/credit/info/loca365/,(not set),front>card>basic>credit>info>loca365,802
https://mweb2.lottecard.co.kr/app/LPMBRAA_V250.lc,(not set),MEMBERS>회원가입,734
https://mweb2.lottecard.co.kr/spa/mydata/native/assets-connect-4,(not set),마이데이터>자산연결>연결금융기관 선택,724
https://mcapp.lottecard.co.kr/app/LCACCCB_V100.lc,(not set),app>LCACCCB_V100.lc,645
https://mweb2.lottecard.co.kr/spa/card/cards/common/card-application-timeout,(not set),spa>card>cards>common>card-application-timeout,342
https://mweb2.lottecard.co.kr/app/LPBNFCA_V900.lc,(not set),혜택>TOUCH,293
https://m.lottecard.co.kr/spa/finance/marketing/selfAuth,(not set),spa>finance>marketing>selfAuth,284
https://dars.lottecard.co.kr/front/my/usage-billing/receipt-change/,(not set),front>my>usage-billing>receipt-change,235
http://dtrip.lottecard.co.kr/front/main/,(not set),front>main,225
https://m.lottecard.co.kr/front/finance/car/direct-auto/,(not set),front>finance>car>direct-auto,196
https://dars.lottecard.co.kr/front/my/payments/regular/life-charge/apt/,(not set),front>my>payments>regular>life-charge>apt,196
https://m.lottecard.co.kr/front/card/issuance/card-register/,(not set),front>card>issuance>card-register,166
https://cmweb2.lottecard.co.kr/native/main/MA_1_1_1,(not set),native>main>MA_1_1_1,127
https://m.lottecard.co.kr/app/LPCDAYE_V100.lc,(not set),app>LPCDAYE_V100.lc,108
https://mweb2.lottecard.co.kr/app/LPBNFBD_V410.lc,(not set),혜택>포인트사용_L.POINTCase>납부완료,78
http://dtrip.lottecard.co.kr/front/main,(not set),front>main,78
https://mweb2.lottecard.co.kr/app/LPCVNDC_V300.lc,(not set),생활편의>해외원화승인차단,78
https://mweb2.lottecard.co.kr/spa/mydata/native/assets-connect-2,(not set),마이데이터>자산연결>연결금융기관 선택,68
https://mweb2.lottecard.co.kr/spa/high-involvement/reward/my-reward,(not set),혜택>포인트/마일리지 조회,68
https://m.lottecard.co.kr/front/my/payments/regular/life-charge/phone,(not set),front>my>payments>regular>life-charge>phone,68
https://cmweb2.lottecard.co.kr/app/LoginProgressActivity,(not set),로그인,68
https://mweb2.lottecard.co.kr/app/LPMAIAA_V100.lc,(not set),Main-MW>로그인전,59
https://dars.lottecard.co.kr/front/my/payments/regular/life-charge/apt/apply,(not set),front>my>payments>regular>life-charge>apt>apply,59
https://dars.lottecard.co.kr/front/card/issuance/,(not set),front>card>issuance,59
https://mc.lottecard.co.kr/app/LCACCCD_V100.lc,(not set),app>LCACCCD_V100.lc,59
https://m.lottecard.co.kr/front/finance/car/direct-auto,(not set),front>finance>car>direct-auto,49
https://dars.lottecard.co.kr/front/my/payments/regular/life-charge/phone/,(not set),front>my>payments>regular>life-charge>phone,29
https://cmweb2.lottecard.co.kr/front/benefit/golf-half-thing/,(not set),front>benefit>golf-half-thing,29
https://m.lottecard.co.kr/front/satellite/me/,(not set),front>satellite>me,29
https://mweb2.lottecard.co.kr/spa/my/noti-service/identity-protect,(not set),MY>알림서비스>가입 전,29
https://mweb2.lottecard.co.kr/spa/mydata/personal-data-account/expenditure/card-useitemization,(not set),모빌리티>메인_마이데이터>지출_내지출>메인,20
https://mweb2.lottecard.co.kr/spa/mydata/personal-data-account/expenditure/paymoney,(not set),모빌리티>메인_마이데이터>지출_내지출>메인,20
https://cmweb2.lottecard.co.kr/app/PayRequestActivity,(not set),로카페이>결제>타사결제요청>PC/모바일로카페이호출화면,20
https://m.lottecard.co.kr/front/satellite/main/card/,(not set),front>satellite>main>card,20
https://dars.lottecard.co.kr/front/my/payments/weekly/,(not set),front>my>payments>weekly,20
https://dars.lottecard.co.kr/front/my/payments/regular/life-charge/electricity,(not set),front>my>payments>regular>life-charge>electricity,20
https://cmweb2.lottecard.co.kr/app/PermissionActivity,(not set),MAIN>스플래쉬>접근권한안내,10
https://cmweb2.lottecard.co.kr/app/SettingsActivity,(not set),설정,10
https://cmweb2.lottecard.co.kr/app/SimpleNumberAuthActivity,(not set),로카페이>공통>인증>간편번호입력,10
https://m.lottecard.co.kr/app/LPCSTPT_V230.lc,(not set),app>LPCSTPT_V230.lc,10
https://cmweb2.lottecard.co.kr/front/satellite/main/card/,(not set),front>satellite>main>card,10
https://mweb2.lottecard.co.kr/front/benefit/app-tech/locatto/,(not set),front>benefit>app-tech>locatto,10
https://cmweb2.lottecard.co.kr/app/PayRequestCompleteFragment,(not set),로카페이>결제>타사결제요청>결제완료,10
https://dars.lottecard.co.kr/front/my/payments/regular/collection/services,(not set),front>my>payments>regular>collection>services,10
https://dars.lottecard.co.kr/front/my/payments/regular/life-charge/phone,(not set),front>my>payments>regular>life-charge>phone,10
https://mweb2.lottecard.co.kr/app/LPBNFGA_V100.lc,(not set),혜택>혜택리포트,10
https://locashopimage.lottecard.co.kr/main,(not set),main,10
https://m.lottecard.co.kr/front/satellite/finance/,(not set),front>satellite>finance,10
https://m.lottecard.co.kr/front/my/payments/regular/life-charge/phone/,(not set),front>my>payments>regular>life-charge>phone,10
https://dmo3.lottecard.co.kr/spa/card/cards/common/card-application-timeout,(not set),spa>card>cards>common>card-application-timeout,10
https://m.lottecard.co.kr/front/my/payments/regular/collection,(not set),front>my>payments>regular>collection,10
https://mweb2.lottecard.co.kr/app/spa-menu.lc,전체메뉴,app>spa-menu.lc,6924649
https://mweb2.lottecard.co.kr/app/IntroViewController,MAIN>스플래쉬,MAIN>스플래쉬,5682390
https://mweb2.lottecard.co.kr/spa/my/usage-payment,MY>결제예정금액>결제예정금액,spa>my>usage-payment,4712652
https://mweb2.lottecard.co.kr/app/PayRequestActivity,로카페이>결제>타사결제요청>PC/모바일로카페이호출화면,로카페이>결제>타사결제요청>PC/모바일로카페이호출화면,4483897
https://mweb2.lottecard.co.kr/app/SimpleNumberAuthActivity,로카페이>공통>인증>간편번호입력,로카페이>공통>인증>간편번호입력,3321453
https://mweb2.lottecard.co.kr/spa/intergrated-search,통합검색,spa>intergrated-search,3074243
https://mweb2.lottecard.co.kr/app/LPMCDCB_V200.lc,MY>즉시결제>바로출금,app>LPMCDCB_V200.lc,2361759
https://mweb2.lottecard.co.kr/app/PayRequestCompleteFragment,로카페이>결제>타사결제요청>결제완료,로카페이>결제>타사결제요청>결제완료,2273122
https://mweb2.lottecard.co.kr/front/satellite/main/card/,카드>메인,front>satellite>main>card,1754488
https://mweb2.lottecard.co.kr/app/LoginExtendActivity,로그인,로그인,1431571
https://mweb2.lottecard.co.kr/spa/my/usage-history,MY>이용내역(매출전표)>이용내역(매출전표),spa>my>usage-history,1350573
https://mweb2.lottecard.co.kr/app/FingerAuthActivity,로그인>지문로그인>지문센서,로그인>지문로그인>지문센서,1331355
https://mweb2.lottecard.co.kr/spa/my/usage-limit-main,MY>이용한도메인>이용한도메인,spa>my>usage-limit-main,1263129
https://mweb2.lottecard.co.kr/app/LPMCDCB_V100.lc,MY>즉시결제,app>LPMCDCB_V100.lc,1251794
https://mweb2.lottecard.co.kr/app/LocaPayReqViewController,로카페이>결제>타사결제요청>PC/모바일로카페이호출화면,로카페이>결제>타사결제요청>PC/모바일로카페이호출화면,1090483
https://mweb2.lottecard.co.kr/app/LPMCDCB_V210.lc,MY>즉시결제>결제방법선택,app>LPMCDCB_V210.lc,1066893
https://mweb2.lottecard.co.kr/app/LocaCompleteViewController,로카페이>결제>타사결제요청>결제완료,로카페이>결제>타사결제요청>결제완료,1043705
https://mweb2.lottecard.co.kr/app/LoginViewController,로그인>간편번호로그인,로그인>간편번호로그인,992438
https://locashop.lottecard.co.kr/event/detail,띵샵>이벤트>상세,event>detail,992272
https://mweb2.lottecard.co.kr/app/LPMCDCB_V230.lc,MY>즉시결제>즉시결제완료,app>LPMCDCB_V230.lc,943195
https://mweb2.lottecard.co.kr/native/main/MA_1_1_1,메인>간편홈,native>main>MA_1_1_1,870256
https://mweb2.lottecard.co.kr/spa/card-manager,메인>카드매니저>메인-카드매니저,메인>카드매니저>메인-카드매니저,712113
https://locashop.lottecard.co.kr/main,띵샵>메인,main,685805
https://mweb2.lottecard.co.kr/front/benefit/forest-tour/,혜택>쿠팡띵줍박스,front>benefit>forest-tour,680377
https://mweb2.lottecard.co.kr/app/LocaSimpleAuthTranspUIViewController,로카페이>공통>인증>간편번호입력,로카페이>공통>인증>간편번호입력,659731
https://mweb2.lottecard.co.kr/spa/my/usage-billing,MY>이용대금명세서>이용대금명세서,spa>my>usage-billing,645227
https://mweb2.lottecard.co.kr/front/satellite/main/discovery,발견>메인,front>satellite>main>discovery,590792
https://mweb2.lottecard.co.kr/app/LocaTMSMessageViewController,로카알리미>알림함,메인>로카알리미>알림함,496092
https://mweb2.lottecard.co.kr/front/benefit/app-tech/main/,혜택>앱태크>메인,front>benefit>app-tech>main,495681
https://mweb2.lottecard.co.kr/front/satellite/main/discovery/,발견>메인,front>satellite>main>discovery,488131
https://mweb2.lottecard.co.kr/app/LocaPayMainViewController,로카페이>메인,로카페이>메인,463622
https://mweb2.lottecard.co.kr/app/NotiBoxActivity,로카알리미>알림함,메인>로카알리미>알림함,459192
https://mweb2.lottecard.co.kr/front/benefit/coupang-thing/main/,혜택>쿠팡띵줍박스,front>benefit>coupang-thing>main,409822
https://locashop.lottecard.co.kr/event/type,띵샵>이벤트>타입,event>type,367123
https://mweb2.lottecard.co.kr/front/satellite/city-badge/home/main/,시티배지>홈>메인,front>satellite>city-badge>home>main,352707
https://mweb2.lottecard.co.kr/spa/mydata/personal-data-account/cash-roll,마이데이터>마이캐시굴리기,spa>mydata>personal-data-account>cash-roll,340003
https://mweb2.lottecard.co.kr/spa/benefit/half-landing,혜택>반띵랜딩,spa>benefit>half-landing,330320
https://mweb2.lottecard.co.kr/front/satellite/finance/,금융>메인,front>satellite>finance,325401
https://m.lottecard.co.kr/app/LPMAIAA_V100.lc,Main-MW>로그인전,app>LPMAIAA_V100.lc,318672
https://mweb2.lottecard.co.kr/spa/mydata/personal-data-account/rewards/attendance,모빌리티>메인_마이데이터>리워드_출석체크>메인,spa>mydata>personal-data-account>rewards>attendance,312658
https://mweb2.lottecard.co.kr/spa/benefit/halfThing,혜택>반띵메인,spa>benefit>halfThing,305763
https://locashop.lottecard.co.kr/search,띵샵>검색,search,297733
https://mbt.lottecard.co.kr/app/stamp/MPSTPAA_V100.lc,모빌리티>스탬프>진행중,app>stamp>MPSTPAA_V100.lc,292237
https://mweb2.lottecard.co.kr/spa/my/installment-payment-apply,MY>분할납부(할부전환)>분할납부신청,spa>my>installment-payment-apply,277518
https://mweb2.lottecard.co.kr/spa/mydata/personal-data-account/rewards/my-cash,모빌리티>메인_마이데이터>리워드_마이캐시>메인,spa>mydata>personal-data-account>rewards>my-cash,250897
https://mweb2.lottecard.co.kr/app/ZxingQrscanFragment,로카페이>결제>QR스캔>카메라구동,로카페이>결제>QR스캔>카메라구동,227757
https://mweb2.lottecard.co.kr/app/SimpleAuthTransparentViewController,공통>인증>개별인증>생체인증>FaceID인증,공통>인증>개별인증>생체인증>Face ID인증,223425
https://mweb2.lottecard.co.kr/front/satellite/city-badge/home/detail/,시티배지>홈>상세,front>satellite>city-badge>home>detail,198544
https://m.lottecard.co.kr/landing/kakaoLanding01.jsp,기타>카드사용알림랜딩>이용내역(매출전표),landing>kakaoLanding01.jsp,194525
https://mweb2.lottecard.co.kr/spa/my/possession-card-inquiry,MY>보유카드조회>이용가능카드,spa>my>possession-card-inquiry,189273
https://mweb2.lottecard.co.kr/spa/finance/revolving/revolving-info,금융>일부결제금액이월약정(리볼빙)>일부결제금액이월약정(리볼빙)>이용중,spa>finance>revolving>revolving-info,182182
https://mweb2.lottecard.co.kr/app/v1/LPBNFGA_V100.lc,혜택>혜택리포트,app>v1>LPBNFGA_V100.lc,169263
https://locashop.lottecard.co.kr/display/allmenu,띵샵>전시>전체메뉴,display>allmenu,162701
https://mweb2.lottecard.co.kr/spa/mydata/personal-data-account/half-thing/card-bill,반띵>결제금액>딴카드결제금액반띵,spa>mydata>personal-data-account>half-thing>card-bill,161077
https://mweb2.lottecard.co.kr/app/LPBNFCA_V100.lc,혜택>TOUCH,혜택>TOUCH,156979
https://mweb2.lottecard.co.kr/native/PaymentTypeBarcodeFragment,로카페이>결제>현장결제>바코드_인증후,로카페이>결제>현장결제>바코드_인증후,156285
https://mweb2.lottecard.co.kr/front/finance/loans/long-term,금융>장기카드대출,front>finance>loans>long-term,155854
https://mweb2.lottecard.co.kr/front/finance/loans/long-term/,금융>장기카드대출,front>finance>loans>long-term,150612
https://mweb2.lottecard.co.kr/front/satellite/me/,ME>메인,front>satellite>me,134886
https://locashop.lottecard.co.kr/mypage,띵샵>마이페이지>상담,mypage,130192
https://mweb2.lottecard.co.kr/app/LPBNFDA_V100.lc,혜택>이벤트>전체이벤트,혜택>이벤트>전체이벤트,130045
https://mweb2.lottecard.co.kr/spa/finance/receiptShortTernLoan,금융>단기카드대출>단기카드대출신청,spa>finance>receiptShortTernLoan,122632
https://mweb2.lottecard.co.kr/spa/mydata/service-join/direct-payment-prv,마이데이터>자산추가>상세정보전송요구동의_즉시결제완료후,spa>mydata>service-join>direct-payment-prv,121986
https://locashop.lottecard.co.kr/display/plan-shop/detail,띵샵>전시>기획전>상세,display>plan-shop>detail,120343
https://mweb2.lottecard.co.kr/spa/my/my-info-inq,MY>내정보관리>나의정보조회(정회원),spa>my>my-info-inq,120324
https://mweb2.lottecard.co.kr/native/main/MA_1_1,메인>정회원,native>main>MA_1_2,116754
https://mweb2.lottecard.co.kr/spa/finance/shortTernLoanInfo,금융>단기카드대출>단기카드대출안내,spa>finance>shortTernLoanInfo,115160
https://locashop.lottecard.co.kr/order/sheet/,띵샵>주문,order>sheet,114446
https://mweb2.lottecard.co.kr/app/PermissionActivity,MAIN>스플래쉬>접근권한안내,MAIN>스플래쉬>접근권한안내,112353
https://locashop.lottecard.co.kr/display/shop,띵샵>전시>샵,display>shop,111502
https://mweb2.lottecard.co.kr/spa/mydata/service-join/assets-linkage/bureau-choice,마이데이터>자산연결>연결금융기관선택,spa>mydata>service-join>assets-linkage>bureau-choice,104265
https://mweb2.lottecard.co.kr/spa/finance/revolving/revolving-bf-use,금융>일부결제금액이월약정(리볼빙)>일부결제금액이월약정>이용안내,spa>finance>revolving>revolving-bf-use,100441
https://mweb2.lottecard.co.kr/spa/finance/receiptShortTernLoan/finish,금융>단기카드대출>단기카드대출신청완료,spa>finance>receiptShortTernLoan>finish,100265
https://m.lottecard.co.kr/spa/my/usage-billing,MY>이용한도메인>이용한도메인,spa>my>usage-billing,100255
https://mweb2.lottecard.co.kr/app/FingerPrintSettingActivity,로그인>지문로그인>지문설정,로그인>지문로그인>지문설정,95033
https://mweb2.lottecard.co.kr/spa/finance/receiptShortTernLoan/receiptInfo,금융>단기카드대출>단기카드대출정보확인,spa>finance>receiptShortTernLoan>receiptInfo,93957
https://mweb2.lottecard.co.kr/native/main/MA_1_2,메인>준회원,native>main>MA_1_2,93419
https://mweb2.lottecard.co.kr/spa/benefit/point,혜택>포인트/마일리지조회,spa>benefit>point,93243
https://mweb2.lottecard.co.kr/spa/my/installment-payment,MY>분할납부(할부전환)>분할납부메인,spa>my>installment-payment,91981
https://mweb2.lottecard.co.kr/app/SettingsActivity,설정,설정,88881
https://locashop.lottecard.co.kr/display/shop/,띵샵>전시>샵,display>shop,87482
https://locashop.lottecard.co.kr/mypage/thing-coin,띵샵>마이페이지>띵코인,mypage>thing-coin,85155
https://mweb2.lottecard.co.kr/front/card/issuance/,카드>카드발급내역,front>card>issuance,83424
https://mweb2.lottecard.co.kr/spa/benefit/plus,혜택>플러스,spa>benefit>plus,77164
https://mweb2.lottecard.co.kr/spa/mydata/service-join/assets-linkage,마이데이터>자산연결>서비스약관동의,spa>mydata>service-join>assets-linkage,76920
https://locashop.lottecard.co.kr/basket,띵샵>장바구니,basket,75375
https://mweb2.lottecard.co.kr/spa/mydata/personal-data-account/cash-drive,마이데이터>캐시드라이브,spa>mydata>personal-data-account>cash-drive,75326
https://mweb2.lottecard.co.kr/app/LoginFingerFragment,로그인>지문로그인,로그인>지문로그인,74807
https://mweb2.lottecard.co.kr/spa/finance/shortTernLoanReceiptList,금융>단기카드대출>내역조회,spa>finance>shortTernLoanReceiptList,73125
https://mweb2.lottecard.co.kr/spa/thing/onboarding-interest,띵>관심사수집>관심사수집,spa>thing>onboarding-interest,73115
https://locashop.lottecard.co.kr/mypage/order/list,띵샵>마이페이지>리뷰,mypage>order>list,72558
https://mweb2.lottecard.co.kr/spa/mydata/main,마이데이터>메인_자산관리,spa>mydata>main,72010
https://dars.lottecard.co.kr/app/LPARSBA_V100.lc,DARS>메인>대표메인,app>LPARSBA_V100.lc,70172
https://mweb2.lottecard.co.kr/app/LoginProgressActivity,로그인,로그인,68509
https://mweb2.lottecard.co.kr/front/card/basic/credit/info/sub-main/,카드안내>신용카드>안내>서브메인,front>card>basic>credit>info>sub-main,66974
https://mweb2.lottecard.co.kr/app/ReLoginViewController,로그인>자동로그아웃,로그인>자동로그아웃,65878
https://mbt.lottecard.co.kr/app/main/MPMAIBG_V100.lc,모빌리티>모빌리티리포트_교통비반띵참여불가,app>main>MPMAIBG_V100.lc,64450
https://mweb2.lottecard.co.kr/spa/benefit/benefitAll,혜택>혜택통합,혜택>혜택통합,63961
https://mweb2.lottecard.co.kr/app/ARSAuthFragment,로카페이>등록>ARS인증,로카페이>등록>ARS인증,63463
https://mweb2.lottecard.co.kr/front/benefit/forest-tour/my/,혜택>로카숲투어,front>benefit>forest-tour>my,63306
https://mweb2.lottecard.co.kr/spa/mobility/main,모빌리티>메인,spa>mobility>main,63296
https://mweb2.lottecard.co.kr/app/AccessViewController,MAIN>스플래쉬>접근권한안내,MAIN>스플래쉬>접근권한안내,62719
https://m.lottecard.co.kr/landing/kakaoLanding02.jsp,기타>카드사용알림랜딩>결제예정금액,landing>kakaoLanding02.jsp,61194
https://mweb2.lottecard.co.kr/spa/local/lnc-v-dpay-dtl,로컬>점심값반띵>내주변,spa>local>lnc-v-dpay-dtl,59795
https://mweb2.lottecard.co.kr/app/Signup,회원가입,회원가입,58250
https://mweb2.lottecard.co.kr/spa/my/business-special-limit-gate,MY>업종별특별한도>업종별특별한도,spa>my>business-special-limit-gate,57927
https://mweb2.lottecard.co.kr/spa/mydata/service-join/assets-linkage/assets-list-transfer-request-ag,마이데이터>자산연결>가입상품전송요구동의,spa>mydata>service-join>assets-linkage>assets-list-transfer-request-agree,57223
https://mweb2.lottecard.co.kr/spa/my/noti-setting,MY>알림설정>알림설정,spa>my>noti-setting,56392
https://mweb2.lottecard.co.kr/spa/my/onboarding,MAIN>MY>앱온보딩,spa>my>onboarding,56020
https://mweb2.lottecard.co.kr/app/MobileAuthViewController,회원가입>본인인증,회원가입>본인인증,55551
https://mweb2.lottecard.co.kr/app/SimpleRegCompleteActivity,로카페이>메인>Pay간편등록>Pay간편등록완료,로카페이>메인>Pay간편등록>Pay간편등록완료,55296
https://mweb2.lottecard.co.kr/spa/mydata/personal-data-account/myaccount,모빌리티>메인_마이데이터>계좌_내계좌>메인,spa>mydata>personal-data-account>myaccount,53125
https://mweb2.lottecard.co.kr/app/LPointPayMoveActivity,MAIN>스플래쉬>LPAY,MAIN>스플래쉬>LPAY,51003
https://mweb2.lottecard.co.kr/spa/mydata/personal-data-account/rewards/reward,모빌리티>메인_마이데이터>리워드_미션리워드>메인,spa>mydata>personal-data-account>rewards>reward,50690
https://mweb2.lottecard.co.kr/spa/mydata/service-join/setting/assets-linkage-manage,마이데이터>자산설정>자산연결관리,spa>mydata>service-join>setting>assets-linkage-manage,48724
https://m.lottecard.co.kr/spa/card/booth,카드>카드안내/신청-부스>카드상세 - 부스,spa>card>booth,48489
https://mweb2.lottecard.co.kr/front/my/payments/regular/collection/,정기결제>메인,front>my>payments>regular>collection,46553
https://dars.lottecard.co.kr/spa/my/usage-payment,DARS>MY>결제예정금액>결제예정금액,spa>my>usage-payment,46367
https://locashop.lottecard.co.kr/payment,띵샵>결제,payment,46103
https://mweb2.lottecard.co.kr/spa/my/card-resign,MY>카드해지신청>카드해지신청게이트페이지,spa>my>card-resign,45868
https://mweb2.lottecard.co.kr/spa/my/payment-date-change,MY>결제일변경>결제일변경,spa>my>payment-date-change,43981
https://mweb2.lottecard.co.kr/spa/mydata/service-join/direct-payment-mydata-join,마이데이터>자산추가>이용약관동의,spa>mydata>service-join>direct-payment-mydata-join,43453
https://mweb2.lottecard.co.kr/front/satellite/voc/,VOC>메인,front>satellite>voc,42719
https://mweb2.lottecard.co.kr/spa/benefit/couponBoxCommon,혜택>쿠폰함_롯데백화점,spa>benefit>couponBoxCommon,42484
https://mweb2.lottecard.co.kr/app/NPayActivity,MAIN>스플래쉬>NPAY,MAIN>스플래쉬>NPAY,41878
https://dars.lottecard.co.kr/app/LPARSAA_V100.lc,DARS>본인확인>인증,app>LPARSAA_V100.lc,41526
https://mweb2.lottecard.co.kr/spa/mydata/service-join/assets-linkage/certification-method-choice,마이데이터>자산연결>인증서선택,spa>mydata>service-join>assets-linkage>certification-method-choice,41037
https://mweb2.lottecard.co.kr/spa/my/account-change,MY>결제계좌조회/변경>결제계좌조회/변경,spa>my>account-change,40020
https://mweb2.lottecard.co.kr/spa/mydata/service-join/assets-linkage/certification-method-choice-rec,마이데이터>자산연결>2차인증방법선택,spa>mydata>service-join>assets-linkage>certification-method-choice-reconnect,39912
https://mweb2.lottecard.co.kr/front/finance/loans/long-term/apply,금융>장기카드대출>신청,front>finance>loans>long-term>apply,39550
https://mweb2.lottecard.co.kr/native/PayCompleteDialog,로카페이>결제>바코드결제>결제완료,로카페이>결제>바코드결제>결제완료,37907
https://mweb2.lottecard.co.kr/app/LPMCDCB_V500.lc,MY>즉시결제>즉시결제처리내역조회,app>LPMCDCB_V500.lc,37722
https://mweb2.lottecard.co.kr/app/LPBNFBD_V100.lc,혜택>포인트사용_L.POINTCase,app>LPBNFBD_V100.lc,37369
https://mweb2.lottecard.co.kr/spa/mydata/personal-data-account/myassets,모빌리티>메인_마이데이터>내자산>메인,spa>mydata>personal-data-account>myassets,36538
https://mweb2.lottecard.co.kr/front/benefit/app-tech/loquiz/,혜택>앱태크>로퀴즈,front>benefit>app-tech>loquiz,35091
https://mweb2.lottecard.co.kr/front/my/payments/regular/collection/services,정기결제>메인,front>my>payments>regular>collection>services,35061
https://mweb2.lottecard.co.kr/front/satellite/me,ME>메인,front>satellite>me,34846
https://mweb2.lottecard.co.kr/app/PaymentTypeNumberCodeFragment,로카페이>결제>현장결제>숫자코드,로카페이>결제>현장결제>숫자코드,34387
https://mweb2.lottecard.co.kr/app/SettingMainViewController,설정,전체메뉴>설정,33722
https://mweb2.lottecard.co.kr/spa/my/traffic-hipass-usage-history,MY>교통·하이패스이용내역>교통·하이패스이용내역,spa>my>traffic-hipass-usage-history,33291
https://mweb2.lottecard.co.kr/spa/mydata/service-join/assets-linkage/detail-information-transfer-req,마이데이터>자산연결>상세정보전송요구동의,spa>mydata>service-join>assets-linkage>detail-information-transfer-request-agree,32607
https://mweb2.lottecard.co.kr/spa/my/payment-itemization,MY>이용금액입금내역>이용금액입금내역,spa>my>payment-itemization,32245
https://mweb2.lottecard.co.kr/app/ARSLoadingDialog,로카페이>등록>ARS인증>연결중안내,로카페이>등록>ARS인증>연결중안내,32088
https://mcapp.lottecard.co.kr/front/main/,법인>메인,front>main,31609
https://mweb2.lottecard.co.kr/spa/mydata/service-join/assets-linkage/assets-list-choice,마이데이터>자산연결>자산연결(자산목록있음),spa>mydata>service-join>assets-linkage>assets-list-choice,31560
https://mweb2.lottecard.co.kr/app/LPBNFCH_V000.lc,앱태크>쿠팡띵줍박스,app>LPBNFCH_V000.lc,30876
https://mweb2.lottecard.co.kr/spa/my/split-card-payment-apply,MY>나누기카드(할부전환)>나누기분할납부신청,spa>my>split-card-payment-apply,30171
https://mweb2.lottecard.co.kr/app/LPTRNEA_V100.lc,트렌드>머니PICK>오늘의경제뉴스>한눈에보는오늘의뉴스,app>LPTRNEA_V100.lc,29105
https://mweb2.lottecard.co.kr/app/SettingSimplePasswordViewController,로그인>간편번호로그인>간편번호설정>간편번호입력,로그인>간편번호로그인>간편번호설정>간편번호입력,28372
https://mweb2.lottecard.co.kr/spa/mydata/personal-data-account/expenditure,모빌리티>메인_마이데이터>지출_지출분석>메인,spa>mydata>personal-data-account>expenditure,28225
https://mweb2.lottecard.co.kr/app/LPBNFQD_V100.lc,혜택>국가바우처,app>LPBNFQD_V100.lc,28059
https://locashop.lottecard.co.kr/goods/detail,띵샵>상품>상품상세,goods>detail,27961
https://locashop.lottecard.co.kr/display/gnbShop,띵샵>전시>gnbShop,display>gnbShop,27912
https://mweb2.lottecard.co.kr/app/AppCardSettingActivity,로카페이>설정,로카페이>설정,27873
https://mweb2.lottecard.co.kr/app/ServiceAgreeViewController,MAIN>스플래쉬>튜토리얼>알림위치기반서비스동의,MAIN>스플래쉬>튜토리얼>알림위치기반서비스동의,27765
https://mweb2.lottecard.co.kr/app/LPBNFBC_V100.lc,혜택>포인트캐시백,app>LPBNFBC_V100.lc,27560
https://mweb2.lottecard.co.kr/app/LPBNFTA_V100.lc,혜택>플랜할인프로모션>롯데카드플랜할인_신청전,app>LPBNFTA_V100.lc,26778
https://mweb2.lottecard.co.kr/app/AppCardCardAuthFragment,로카페이>메인>미등록대상>카드인증_비밀번호2자리,로카페이>메인>미등록대상>카드인증_비밀번호2자리,26308
https://mweb2.lottecard.co.kr/front/benefit/golf-half-thing/,혜택>골프반띵,front>benefit>golf-half-thing,25956
https://mweb2.lottecard.co.kr/app/AppCardAuthViewController,로카페이>메인>미등록대상>카드인증_비밀번호2자리,로카페이>메인>미등록대상>카드인증_비밀번호2자리,25946
https://dars.lottecard.co.kr/app/LPMCDCB_V200.lc,DARS>MY>즉시결제>바로출금,app>LPMCDCB_V200.lc,25497
https://mweb2.lottecard.co.kr/front/satellite/thing/detail/,띵콘텐츠>상세,front>satellite>thing>detail,25369
https://mweb2.lottecard.co.kr/spa/mydata/service-join/assets-linkage/assets-connection-end,마이데이터>자산연결>자산연결완료,spa>mydata>service-join>assets-linkage>assets-connection-end,25330
https://mweb2.lottecard.co.kr/front/benefit/calendar/,혜택>캘린더,front>benefit>calendar,25223
https://mweb2.lottecard.co.kr/app/LPBNFCD_V100.lc,혜택>TOUCH>TOUCH혜택찾기,app>LPBNFCD_V100.lc,24274
https://mweb2.lottecard.co.kr/app/LPMCDFM_V100.lc,MY>해외이용종합안내,app>LPMCDFM_V100.lc,24127
https://mweb2.lottecard.co.kr/front/card/basic/credit/info/card-find-tab,카드안내>신용카드>안내>더많은카드검색,front>card>basic>credit>info>card-find-tab,23893
https://locashop.lottecard.co.kr/order/sheet,띵샵>주문,order>sheet,23022
https://mweb2.lottecard.co.kr/spa/my/recieve-statment-change,MY>명세서수령방법변경>명세서수령방법변경,spa>my>recieve-statment-change,22915
https://selly.lottecard.co.kr/login,셀리>회원>로그인>로그인페이지,login,22768
https://mweb2.lottecard.co.kr/app/CertificationAuthActivity,로그인>인증서로그인>공동인증서선택,로그인>인증서로그인>공동인증서선택,22758
https://mweb2.lottecard.co.kr/app/LPBNFBD_V600.lc,혜택>포인트사용_L.POINTCase>납부할결제대금입력,app>LPBNFBD_V600.lc,22416
https://m.lottecard.co.kr/front/card/basic/credit/info/sub-main/,카드>카드안내>브랜드추천,front>card>basic>credit>info>sub-main,22142
https://mweb2.lottecard.co.kr/spa/my/virtual-account,MY>가상계좌신청.조회>가상계좌신청.조회,spa>my>virtual-account,21770
https://mweb2.lottecard.co.kr/app/LPCSTRA_V100.lc,고객센터>공지사항,app>LPCSTRA_V100.lc,21614
https://mweb2.lottecard.co.kr/app/AppcardRegManager,로카페이>등록>FaceID등록,로카페이>등록>Face ID등록,21379
https://mweb2.lottecard.co.kr/spa/my/noti-service/credit-care,MY>알림서비스>이용중,spa>my>noti-service>credit-care,21360
https://mweb2.lottecard.co.kr/spa/benefit/finance-half-thing,혜택>금융이자반띵메인,spa>benefit>finance-half-thing,21301
https://mweb2.lottecard.co.kr/front/finance/loans/long-term/apply/,금융>장기카드대출>신청,front>finance>loans>long-term>apply,21213
https://mweb2.lottecard.co.kr/app/LPCVNDC_V100.lc,생활편의>해외원화승인차단,app>LPCVNDC_V100.lc,20548
https://mweb2.lottecard.co.kr/app/MenuFragment,전체메뉴,전체메뉴,20538
https://mweb2.lottecard.co.kr/spa/mydata/personal-data-account/expenditure/card-bill,마이데이터>지출_내지출>카드지출>카드청구서,spa>mydata>personal-data-account>expenditure>card-bill,20470
https://mweb2.lottecard.co.kr/app/LPCSTEA_V100.lc,고객센터>상담방법안내,app>LPCSTEA_V100.lc,20430
https://mweb2.lottecard.co.kr/front/my/payments/regular/collection/services/,정기결제>메인,front>my>payments>regular>collection>services,20391
https://mweb2.lottecard.co.kr/app/LoginNumberFragment,로그인>간편번호로그인,로그인>간편번호로그인,20382
https://mweb2.lottecard.co.kr/app/IdPasswordSettingActivity,,로그인>아이디로그인,19961
https://dars.lottecard.co.kr/spa/my/usage-limit-home,DARS>MY>이용한도>신용카드이용한도조회,spa>my>usage-limit-home,19912
https://mweb2.lottecard.co.kr/front/my/payments/regular/life-charge/apt/,정기결제>생활요금>아파트,front>my>payments>regular>life-charge>apt,19717
https://m.lottecard.co.kr/spa/card/card-apl/card-additional-services,카드>신용카드>부가서비스신청,spa>card>card-apl>card-additional-services,19345
https://mweb2.lottecard.co.kr/app/LPBNFBD_V610.lc,혜택>포인트사용_L.POINTCase>납부완료,app>LPBNFBD_V610.lc,19140
https://mweb2.lottecard.co.kr/spa/card/card-issue/card-use-rg,카드>카드발급/수령>카드정보입력,spa>card>card-issue>card-use-rg,18787
https://mweb2.lottecard.co.kr/app/UpdateForcePopup,MAIN>스플래쉬>선택업데이트안내,MAIN>스플래쉬>선택업데이트안내,18739
https://mbt.lottecard.co.kr/app/search/MPSEABA_V100.lc,모빌리티>시외버스>검색,app>search>MPSEABA_V100.lc,18220
https://mweb2.lottecard.co.kr/spa/local/gde,로컬>로카지도>지도,spa>local>gde,18220
https://mweb2.lottecard.co.kr/spa/card/card-issue/issue-state-inq,카드>카드발급/수령>발급진행상황,spa>card>card-issue>issue-state-inq,18181
https://mweb2.lottecard.co.kr/spa/my/usage-limit-pick,MY>이용한도pick>이용한도pick,spa>my>usage-limit-pick,17976
https://mweb2.lottecard.co.kr/app/LoginCertFragment,로그인>인증서로그인,로그인>인증서로그인,17536
https://mweb2.lottecard.co.kr/spa/my/card-password-cert,"MY>카드비밀번호등록,변경>카드비밀번호등록,변경본인인증",spa>my>card-password-cert,17496
https://mweb2.lottecard.co.kr/front/my/payments/regular/life-charge/apt,정기결제>생활요금>아파트,front>my>payments>regular>life-charge>apt,17457
https://mbt.lottecard.co.kr/app/search/MPSEABC_V100.lc,모빌리티>시외버스>검색,app>search>MPSEABC_V100.lc,17232
https://mweb2.lottecard.co.kr/app/FinanceCertificationRegisterOrCancelFragment,로그인>인증서로그인>금융인증서등록/취소,로그인>인증서로그인>금융인증서등록/취소,17213
https://mweb2.lottecard.co.kr/front/my/payments/weekly/,정기결제>생활요금>위클리,front>my>payments>weekly,17144
https://mweb2.lottecard.co.kr/spa/my/split-card-payment,MY>나누기카드(할부전환)>나누기카드메인,spa>my>split-card-payment,17115
https://mweb2.lottecard.co.kr/app/LPBNFBB_V100.lc,혜택>포인트전환,혜택>포인트전환,17047
https://mweb2.lottecard.co.kr/app/PaymentTypeJustouchFragment,로카페이>결제>현장결제>JUSTOUCH_결제요청,로카페이>결제>현장결제>JUSTOUCH_결제요청,16597
https://mweb2.lottecard.co.kr/app/LPBNFTE_V100.lc,혜택>롯데계열사플랜할인>롯데계열사플랜할인_신청전,app>LPBNFTE_V100.lc,16567
https://locashop.lottecard.co.kr/mypage/my-coupon,띵샵>마이페이지>내쿠폰,mypage>my-coupon,16245
https://locashop.lottecard.co.kr/mypage/favorite-goods,띵샵>마이페이지>선물,mypage>favorite-goods,16157
https://mweb2.lottecard.co.kr/app/LPBNFTE_V400.lc,혜택>롯데계열사플랜할인>플랜할인내역_신청후(1회차),app>LPBNFTE_V400.lc,16108
https://mweb2.lottecard.co.kr/front/satellite/finance,금융>메인,front>satellite>finance,16049
https://dars.lottecard.co.kr/spa/my/usage-history,DARS>MY>이용내역(매출전표)>이용내역(매출전표),spa>my>usage-history,15912
https://mweb2.lottecard.co.kr/front/benefit/app-tech/locatto,혜택>앱태크>로카토,front>benefit>app-tech>locatto,15628
https://mweb2.lottecard.co.kr/app/LPOPBBB_V110.lc,오픈뱅킹>계좌/카드한눈에보기(오픈뱅킹)>내계좌,app>LPOPBBB_V110.lc,15306
https://mweb2.lottecard.co.kr/spa/card/cards/credit/application/member-validation-articles,카드>신용카드>회원확인사항,spa>card>cards>credit>application>member-validation-articles,15149
https://m.lottecard.co.kr/spa/card/cards/common/card-application-timeout,카드>신용카드>카드정보,spa>card>cards>common>card-application-timeout,15120
https://m.lottecard.co.kr/spa/card/card-apl/card-password,카드>신용카드>비밀번호설정,spa>card>card-apl>card-password,14983
https://mweb2.lottecard.co.kr/app/LPMALAA_V300.lc,기프트샷,app>LPMALAA_V300.lc,14954
https://mweb2.lottecard.co.kr/spa/mydata/service-join/app-signup-mydata-join,마이데이터>자산연결>간편한 계좌 관리,spa>mydata>service-join>app-signup-mydata-join,14905
https://mweb2.lottecard.co.kr/app/PaymentTypeQrcodeFragment,로카페이>결제>현장결제>QR코드,로카페이>결제>현장결제>QR코드,14885
https://mweb2.lottecard.co.kr/spa/my/document-application,MY>서류발급신청>서류발급신청,spa>my>document-application,14875
https://mweb2.lottecard.co.kr/spa/card/gift-card,카드>선불카드>상품권/기프트카드,spa>card>gift-card,14474
https://mweb2.lottecard.co.kr/app/LPOPBBB_V100.lc,오픈뱅킹>계좌&middot;카드,app>LPOPBBB_V100.lc,14474
https://mweb2.lottecard.co.kr/app/LPBNFTE_V000.lc,혜택>플랜할인,app>LPBNFTE_V000.lc,14279
https://m.lottecard.co.kr/spa/card/cards/credit/application/ocr-id-verification,카드>카드안내/신청>OCR촬영,spa>card>cards>credit>application>ocr-id-verification,14210
https://mweb2.lottecard.co.kr/app/LPBNFBA_V102.lc,혜택>포인트/마일리지조회,app>LPBNFBA_V102.lc,13976
https://m.lottecard.co.kr/landing/kakaoLanding03.jsp,기타>카드사용알림랜딩>이용금액입금내역,landing>kakaoLanding03.jsp,13956
https://m.lottecard.co.kr/app/LPMBRAB_V100.lc,MEMBERS>MobileWeb로그인>로그인,app>LPMBRAB_V100.lc,13946
https://mweb2.lottecard.co.kr/app/SimpleNumberSettingActivity,로그인>간편번호로그인>간편번호확인,로그인>간편번호로그인>간편번호확인,13819
https://mweb2.lottecard.co.kr/app/MobilePhoneAuthFragment,로그인>간편번호로그인>휴대폰인증,로그인>간편번호로그인>휴대폰인증,13800
https://mweb2.lottecard.co.kr/front/benefit/partners/lgu/apply/,혜택>파트너>LGU플러스>신청,front>benefit>partners>lgu>apply,13760
https://m.lottecard.co.kr/spa/card/card-apl/card-application-end,카드>신용카드>신청완료,spa>card>card-apl>card-application-end,13604
https://mweb2.lottecard.co.kr/front/finance/loans/long-term/repayment/apply,금융>장기카드대출>상환신청,front>finance>loans>long-term>repayment>apply,13457
https://mweb2.lottecard.co.kr/spa/my/usage-limit-down,MY>이용한도하향>이용한도하향,spa>my>usage-limit-down,13350
https://mweb2.lottecard.co.kr/native/PaymentTypeQrcodeFragment,로카페이>결제>현장결제>QR코드_인증후,로카페이>결제>현장결제>QR코드_인증후,13203
https://mweb2.lottecard.co.kr/spa/my/card-password-change,"MY>카드비밀번호등록,변경>카드비밀번호등록,변경정보입력",spa>my>card-password-change,13164
https://mweb2.lottecard.co.kr/app/LPCVNDB_V100.lc,생활편의>해외이용안심설정,app>LPCVNDB_V100.lc,13154
https://mweb2.lottecard.co.kr/spa/mydata/personal-data-account/myaccount/income-detail,마이데이터>계좌_입금/출금>수입내역,spa>mydata>personal-data-account>myaccount>income-detail,13056
https://mweb2.lottecard.co.kr/front/satellite/main/card,카드>메인,front>satellite>main>card,12665
https://mweb2.lottecard.co.kr/app/CardAuthFullFragment,,로그인>간편번호로그인>카드인증,12597
https://locashop.lottecard.co.kr/display/brand,띵샵>전시>브랜드,display>brand,12548
https://mweb2.lottecard.co.kr/app/BottomSheetNotiBoxApprovalDialog,로카알리미>알림함,메인>로카알리미>알림함,12440
https://dars.lottecard.co.kr/spa/my/usage-limit-gate,DARS>MY>이용한도게이트페이지>이용한도게이트페이지,spa>my>usage-limit-gate,12401
https://dars.lottecard.co.kr/app/LPMCDCB_V100.lc,DARS>MY>즉시결제,app>LPMCDCB_V100.lc,12333
https://selly.lottecard.co.kr/front/main/,셀리>메인,front>main,12254
https://mweb2.lottecard.co.kr/spa/my/account-change-cert,MY>결제계좌조회/변경>결제계좌조회/변경공동인증,spa>my>account-change-cert,12127
https://mweb2.lottecard.co.kr/app/LPPAYCA_V100.lc,정기결제>안심쇼핑>안심쇼핑_미가입,app>LPPAYCA_V100.lc,12078
https://mweb2.lottecard.co.kr/app/LPCUFAA_V100.lc,생활편의>큐핏>큐핏,app>LPCUFAA_V100.lc,12049
https://mweb2.lottecard.co.kr/app/AppCardRegSignViewController,회원>회원가입>결제서명등록,회원>회원가입>결제서명등록,12020
https://dars.lottecard.co.kr/spa/my/usage-billing,DARS>MY>이용대금명세서>이용대금명세서,spa>my>usage-billing,12010
https://mweb2.lottecard.co.kr/front/benefit/app-tech/ads/watch,혜택>앱태크>광고>시계,front>benefit>app-tech>ads>watch,11912
https://mweb2.lottecard.co.kr/spa/mydata/personal-data-account/myaccount/detail,마이데이터>계좌_내계좌>계좌_전체거래내역,마이데이터>계좌_내계좌>입출금>상세,11756
https://dars.lottecard.co.kr/app/LPMCDCB_V210.lc,DARS>MY>즉시결제>결제방법선택,app>LPMCDCB_V210.lc,11609
https://m.lottecard.co.kr/spa/card/card-apl/card-stt-inf,카드>신용카드>결제정보,spa>card>card-apl>card-stt-inf,11599
https://mweb2.lottecard.co.kr/app/CardManagementPaymentFragment,로카페이>설정>등록카드관리_결제수단,로카페이>설정>등록카드관리_결제수단,11482
https://mweb2.lottecard.co.kr/spa/my/noti-service/card-usage-noti,MY>알림서비스>가입전,spa>my>noti-service>card-usage-noti,11364
https://selly.lottecard.co.kr/event/smallBizOwner/policyFunds,셀리>소상공인진흥정책정책자금이벤트,event>smallBizOwner>policyFunds,11237
https://m.lottecard.co.kr/app/LPBNFDA_V300.lc,혜택>이벤트>이벤트상세,app>LPBNFDA_V300.lc,11169
https://mweb2.lottecard.co.kr/spa/my/document-application/utilization-itemization,MY>서류발급신청>이용내역확인서,spa>my>document-application>utilization-itemization,10993
https://m.lottecard.co.kr/spa/card/card-apl/card-use-notification,카드>신용카드>카드사용내역 알림,spa>card>card-apl>card-use-notification,10983
https://mweb2.lottecard.co.kr/app/LPBNFTB_V100.lc,혜택>롯데카드플랜할인>플랜할인내역_신청후(1회차),app>LPBNFTB_V100.lc,10826
https://mweb2.lottecard.co.kr/spa/card/card-issue/card-use-rg/cert,카드>카드발급/수령>본인인증(비로그인시),spa>card>card-issue>card-use-rg>cert,10817
https://mcapp.lottecard.co.kr/front/corpmenu/,법인>법인메뉴,front>corpmenu,10758
https://mweb2.lottecard.co.kr/spa/my/account-change-success,MY>결제계좌조회/변경>결제계좌조회/변경완료,spa>my>account-change-success,10719
https://m.lottecard.co.kr/spa/card/card-apl/card-ineligible,카드>카드안내/신청>부적격,spa>card>card-apl>card-ineligible,10699
https://m.lottecard.co.kr/spa/card/card-apl/card-billing-statement,카드>신용카드>이용대금명세서 수신,spa>card>card-apl>card-billing-statement,10690
https://m.lottecard.co.kr/spa/card/card-apl/card-select-destination,카드>신용카드>배송지선택,spa>card>card-apl>card-select-destination,10641
https://mweb2.lottecard.co.kr/spa/my/noti-service,MY>알림서비스>알림서비스,spa>my>noti-service,10621
https://mweb2.lottecard.co.kr/front/satellite/thing/,띵콘텐츠,front>satellite>thing,10357
https://mweb2.lottecard.co.kr/spa/my/noti-setting/psnl-credit,MY>알림설정>개인/신용정보수집이용제공동의및동의철회,spa>my>noti-setting>psnl-credit,10269
https://mweb2.lottecard.co.kr/app/LPCSTAL_V100.lc,고객센터>결제승인이의제기신청,app>LPCSTAL_V100.lc,10113
https://mweb2.lottecard.co.kr/front/card/basic/credit/info/loca365/,카드안내>신용카드>안내>loca365,front>card>basic>credit>info>loca365,9956
https://mweb2.lottecard.co.kr/app/LPCSTBA_V200.lc,고객센터>이메일상담,app>LPCSTBA_V200.lc,9809
https://mweb2.lottecard.co.kr/app/LPPAYCA_V300.lc,정기결제>안심쇼핑>안심쇼핑_이용중,정기결제>안심쇼핑>안심쇼핑_이용중,9800
https://mweb2.lottecard.co.kr/app/SettingCardManagementFragment,로카페이>설정>등록카드관리,로카페이>설정>등록카드관리,9790
https://mweb2.lottecard.co.kr/app/AppCardMobilePhoneAuthFragment,로카페이>등록>본인인증(휴대폰인증),로카페이>등록>본인인증(휴대폰인증),9770
https://mweb2.lottecard.co.kr/front/finance/loans/long-term/apply-completed,금융>장기카드대출>신청완료,front>finance>loans>long-term>apply-completed,9712
https://mweb2.lottecard.co.kr/app/AppcardRegistActivity,로카페이>메인>앱카드미등록대상>앱카드등록안내(모든카드가BL),로카페이>메인>앱카드미등록대상>앱카드등록안내(모든카드가BL),9624
https://locashop.lottecard.co.kr/display/category/,띵샵>전시>카테고리,display>category,9418
https://m.lottecard.co.kr/spa/card/card-apl/card-info,카드>신용카드-부스>카드정보,spa>card>card-apl>card-info,9369
https://m.lottecard.co.kr/spa/card/card-apl/card-phone-cert,카드>신용카드>본인확인,spa>card>card-apl>card-phone-cert,9193
https://mweb2.lottecard.co.kr/front/my/payments/regular/collection,정기결제>메인,front>my>payments>regular>collection,9135
https://mweb2.lottecard.co.kr/spa/my/usage-limit-up,MY>이용한도상향>이용한도상향,spa>my>usage-limit-up,9115
https://mweb2.lottecard.co.kr/spa/my/payment-date-change-success,MY>결제일변경>결제일변경완료,spa>my>payment-date-change-success,9027
https://mweb2.lottecard.co.kr/front/benefit/app-tech/loquiz/detail,혜택>앱태크>로퀴즈>상세,front>benefit>app-tech>loquiz>detail,9027
https://mweb2.lottecard.co.kr/spa/finance/loan-transfer-index,금융>대환대출>이용안내,spa>finance>loan-transfer-index,8978
https://mweb2.lottecard.co.kr/app/LPCSTHA_V200.lc,고객센터>재발급신청>배송지선택_알림서비스_노출,app>LPCSTHA_V200.lc,8900
https://locashop.lottecard.co.kr/event/list,띵샵>이벤트>목록,event>list,8841
https://mweb2.lottecard.co.kr/front/card/issuance/status-info,카드>카드발급상황,front>card>issuance>status-info,8831
https://m.lottecard.co.kr/spa/card/card-apl/card-income-type,카드>신용카드>소득유형,spa>card>card-apl>card-income-type,8831
https://mweb2.lottecard.co.kr/app/LPCSTFA_V200.lc,고객센터>분실신고>분실카드선택,고객센터>분실신고>분실카드선택,8724
https://m.lottecard.co.kr/front/card/issuance/,카드>카드발급내역,front>card>issuance,8714
https://mweb2.lottecard.co.kr/app/LPOPBBB_V200.lc,오픈뱅킹>계좌/카드한눈에보기(오픈뱅킹)>내계좌>입출금내역,app>LPOPBBB_V200.lc,8626
https://dars.lottecard.co.kr/app/LPMCDCB_V230.lc,DARS>MY>즉시결제>즉시결제완료,app>LPMCDCB_V230.lc,8548
https://mweb2.lottecard.co.kr/app/LPCSTHA_V300.lc,고객센터>재발급신청>재발급신청완료,app>LPCSTHA_V300.lc,8479
https://mweb2.lottecard.co.kr/app/LPBNFCA_V120.lc,혜택>TOUCH>이럴땐이혜택(전체),app>LPBNFCA_V120.lc,8460
https://mweb2.lottecard.co.kr/front/my/payments/regular/life-charge/phone,정기결제>생활요금>통신비,front>my>payments>regular>life-charge>phone,8157
https://mweb2.lottecard.co.kr/app/LPCSTFA_V300.lc,고객센터>분실신고>접수완료,app>LPCSTFA_V300.lc,8137
https://mweb2.lottecard.co.kr/front/card/basic/credit/info/lotte-members/,카드>카드안내>롯데멤버스,front>card>basic>credit>info>lotte-members,7981
https://mweb2.lottecard.co.kr/app/LPOPBBA_V101.lc,오픈뱅킹>서비스가입>오픈뱅킹필수적동의,app>LPOPBBA_V101.lc,7961
https://mweb2.lottecard.co.kr/front/my/payments/regular/life-charge/apt/apply,정기결제>생활요금>아파트>신청,front>my>payments>regular>life-charge>apt>apply,7961
https://mweb2.lottecard.co.kr/spa/my/recieve-statment-change-success,MY>명세서수령방법변경>명세서수령방법변경완료,spa>my>recieve-statment-change-success,7922
https://mweb2.lottecard.co.kr/spa/card/card-apl/card-additional-services,카드>신용카드>부가서비스신청,spa>card>card-apl>card-additional-services,7922
https://mweb2.lottecard.co.kr/spa/finance/revolving/revolving-resign,금융>일부결제금액이월약정(리볼빙)>일부결제금액이월약정>해지정보확인,spa>finance>revolving>revolving-resign,7902
https://mbt.lottecard.co.kr/app/mybus/MPMBSAA_V100.lc,모빌리티>광역버스>검색>MY버스,app>mybus>MPMBSAA_V100.lc,7853
https://locashop.lottecard.co.kr/display/category,띵샵>전시>카테고리,display>category,7844
https://m.lottecard.co.kr/front/card/basic/credit/info/card-find-tab,카드>카드안내>카드찾기,front>card>basic>credit>info>card-find-tab,7677
https://mweb2.lottecard.co.kr/front/card/basic/credit/info/sub-main,카드안내>신용카드>안내>서브메인,front>card>basic>credit>info>sub-main,7677
https://mweb2.lottecard.co.kr/native/AppCardActivity,로카페이>메인,로카페이>메인,7550
https://mweb2.lottecard.co.kr/spa/my/business-special-limit-apply,MY>업종별특별한도>업종별특별한도신청,spa>my>business-special-limit-apply,7482
https://mweb2.lottecard.co.kr/front/my/payments/weekly/history,정기결제>생활요금>위클리>이력,front>my>payments>weekly>history,7306
https://mweb2.lottecard.co.kr/spa/card/card-apl/card-application-end,카드>신용카드>신청완료,spa>card>card-apl>card-application-end,7188
https://mweb2.lottecard.co.kr/app/LPBNFBB_V101.lc,혜택>포인트전환>대상포인트/마일리지로전환,app>LPBNFBB_V101.lc,7188
https://mweb2.lottecard.co.kr/front/card/basic/credit/info/london/,카드안내>신용카드>안내>london,front>card>basic>credit>info>london,7179
https://mweb2.lottecard.co.kr/spa/finance/revolving/revolving-apply-init,금융>일부결제금액이월약정(리볼빙)>일부결제금액이월약정>약정결제비율설정,spa>finance>revolving>revolving-apply-init,7159
https://dars.lottecard.co.kr/spa/my/possession-card-inquiry,DARS>MY>보유카드조회>이용가능카드,spa>my>possession-card-inquiry,7130
https://mweb2.lottecard.co.kr/app/CertificationSettingActivity,로그인>인증서로그인>인증서설정,로그인>인증서로그인>인증서설정,7091
https://locashop.lottecard.co.kr/searchResult,띵샵>검색결과,searchResult,7071
https://mbt.lottecard.co.kr/app/mybooking/MPBOOBA_V100.lc,모빌리티>나의예약>고속.시외버스예매내역,app>mybooking>MPBOOBA_V100.lc,7042
https://mweb2.lottecard.co.kr/app/LPPAYCL_V100.lc,정기결제>안심플러스>안심플러스_미가입,app>LPPAYCL_V100.lc,7002
https://locashop.lottecard.co.kr/mypage/mobile-coupon,띵샵>마이페이지>모바일쿠폰,mypage>mobile-coupon,6905
https://mweb2.lottecard.co.kr/spa/my/noti-service/credit-care-plus,MY>알림서비스>가입전,spa>my>noti-service>credit-care-plus,6885
https://locashop.lottecard.co.kr/mypage/review,띵샵>마이페이지>리뷰,mypage>review,6758
https://dars.lottecard.co.kr/spa/my/my-info-inq,DARS>MY>내정보관리>나의정보조회(정회원),spa>my>my-info-inq,6738
https://mbt.lottecard.co.kr/app/main/MPMAICA_V100.lc,모빌리티>디지로카KTX예매,app>main>MPMAICA_V100.lc,6709
https://mweb2.lottecard.co.kr/front/benefit/app-tech/ads/finance/,혜택>앱태크>광고>금융,front>benefit>app-tech>ads>finance,6670
https://mweb2.lottecard.co.kr/spa/my/noti-setting/marketing,MY>알림설정>마케팅정보수신동의및동의철회,spa>my>noti-setting>marketing,6660
https://dars.lottecard.co.kr/app/LPARSAA_V200.lc,DARS>본인확인>단품인증,app>LPARSAA_V200.lc,6602
https://mweb2.lottecard.co.kr/spa/my/installment-payment-history,MY>분할납부(할부전환)>분할납부신청내역,spa>my>installment-payment-history,6602
https://mweb2.lottecard.co.kr/app/SimpleAuthViewController,로카페이>공통>인증>인증수단,로카페이>공통>인증>간편번호입력,6562
https://mweb2.lottecard.co.kr/app/LPBNFOA_V100.lc,혜택>친구에게카드추천,app>LPBNFOA_V100.lc,6533
https://mweb2.lottecard.co.kr/spa/my/noti-service/large-payment-noti,MY>알림서비스>이용중,spa>my>noti-service>large-payment-noti,6367
https://mweb2.lottecard.co.kr/front/benefit/forest-tour/my,혜택>로카숲투어>MY,front>benefit>forest-tour>my,6367
https://mweb2.lottecard.co.kr/app/LPBNFDA_V890.lc,제휴이벤트>하나투어,app>LPBNFDA_V890.lc,6357
https://mweb2.lottecard.co.kr/spa/card/cards/debit/catalog/card-list,카드>카드안내/신청>체크카드,spa>card>cards>debit>catalog>card-list,6298
https://mweb2.lottecard.co.kr/app/LPOPBBA_V100.lc,오픈뱅킹,app>LPOPBBA_V100.lc,6083
https://m.lottecard.co.kr/app/LPCSTAL_V100.lc,고객센터>결제승인이의제기신청,app>LPCSTAL_V100.lc,5878
https://mweb2.lottecard.co.kr/spa/local/home,로컬>내주변,spa>local>home,5848
https://m.lottecard.co.kr/spa/card/cards/credit/application/member-validation-articles,카드>신용카드>회원확인사항,spa>card>cards>credit>application>member-validation-articles,5790
https://mweb2.lottecard.co.kr/app/SettingMyCardCheckFragment,로카페이>설정>카드본인확인서비스>신청전,로카페이>설정>카드본인확인서비스>신청전,5721
https://mweb2.lottecard.co.kr/app/LPPAYCM_V100.lc,정기결제>폰케어>폰케어_미가입,app>LPPAYCM_V100.lc,5575
https://mweb2.lottecard.co.kr/front/card/issuance/card-register,카드>카드발급내역>카드등록,front>card>issuance>card-register,5565
https://mweb2.lottecard.co.kr/app/LPMBRAB_V100.lc,MEMBERS>MobileWeb로그인>로그인,app>LPMBRAB_V100.lc,5399
https://mcapp.lottecard.co.kr/app/LCACCCE_V100.lc,법인>이용내역(승인내역),app>LCACCCE_V100.lc,5232
https://mweb2.lottecard.co.kr/front/my/payments/regular/life-charge/electricity,정기결제>생활요금>전기요금,front>my>payments>regular>life-charge>electricity,5223
https://dars.lottecard.co.kr/spa/my/card-password-change,"DARS>MY>카드비밀번호등록,변경>카드비밀번호등록,변경정보입력",spa>my>card-password-change,5017
https://m.lottecard.co.kr/spa/card/card-apl/card-prv-all,카드>신용카드>약관동의,spa>card>card-apl>card-prv-all,4998
https://mweb2.lottecard.co.kr/front/my/payments/regular/life-charge/phone/,정기결제>생활요금>통신비,front>my>payments>regular>life-charge>phone,4861
https://mweb2.lottecard.co.kr/spa/mydata/service-join/setting/assets-linkage-manage-detail,마이데이터>자산설정>자산연결상세,spa>mydata>service-join>setting>assets-linkage-manage-detail,4841
https://m.lottecard.co.kr/front/benefit/coupang-thing/main/,혜택>쿠팡띵>메인,front>benefit>coupang-thing>main,4841
https://mweb2.lottecard.co.kr/front/card/basic/credit/info/likit1.2/,카드안내>신용카드>안내>likit1.2,front>card>basic>credit>info>likit1.2,4597
https://mweb2.lottecard.co.kr/spa/mydata/personal-data-account/expenditure/card,마이데이터>지출_내지출>카드별,spa>mydata>personal-data-account>expenditure>card,4421
https://mweb2.lottecard.co.kr/app/LocaPaySettingListViewController,로카페이>설정,로카페이>설정,4421
https://dars.lottecard.co.kr/spa/my/installment-payment-apply,DARS>MY>분할납부(할부전환)>분할납부신청,spa>my>installment-payment-apply,4098
https://dars.lottecard.co.kr/spa/my/card-password-cert,"DARS>MY>카드비밀번호등록,변경>카드비밀번호등록,변경본인인증",spa>my>card-password-cert,4098
https://m.lottecard.co.kr/app/LPCSTEA_V100.lc,고객센터>상담방법안내,app>LPCSTEA_V100.lc,4078
https://m.lottecard.co.kr/spa/card/card-apl/card-id-ctf,카드>신용카드>신분증인증안내,spa>card>card-apl>card-id-ctf,3980
https://m.lottecard.co.kr/spa/card/card-apl/card-id-ctf-drt,카드>신용카드>신분증인증 - 직접입력,spa>card>card-apl>card-id-ctf-drt,3883
https://mweb2.lottecard.co.kr/app/LoginIdPwFragment,,로그인>아이디로그인,3756
https://mweb2.lottecard.co.kr/front/card/basic/credit/info/las-vegas/,카드안내>신용카드>안내>las-vegas,front>card>basic>credit>info>las-vegas,3648
https://mweb2.lottecard.co.kr/spa/mydata/personal-data-account/loan,모빌리티>메인_마이데이터>대출_내대출>메인,spa>mydata>personal-data-account>loan,3638
https://mweb2.lottecard.co.kr/front/benefit/app-tech/ads/finance,혜택>앱태크>광고>금융>보험,front>benefit>app-tech>ads>finance,3570
https://dars.lottecard.co.kr/front/finance/loans/long-term/,DARS>금융>장기카드대출,front>finance>loans>long-term,3570
https://mweb2.lottecard.co.kr/front/finance/car/direct-auto/,금융>다이렉트오토할부,front>finance>car>direct-auto,3531
https://m.lottecard.co.kr/front/finance/loans/long-term/,금융>장기카드대출,front>finance>loans>long-term,3462
https://mweb2.lottecard.co.kr/app/LPPAYBF_V100.lc,정기결제>도시가스>도시가스요금안내_미이용,app>LPPAYBF_V100.lc,3071
https://mweb2.lottecard.co.kr/spa/card/card-apl/card-ineligible,카드>카드안내/신청>부적격,spa>card>card-apl>card-ineligible,2817
https://m.lottecard.co.kr/spa/card/cards/debit/catalog/card-list,카드>카드안내/신청>체크카드,spa>card>cards>debit>catalog>card-list,2680
https://dars.lottecard.co.kr/app/LPBNFBA_V102.lc,DARS>혜택>포인트/마일리지조회,app>LPBNFBA_V102.lc,2680
https://m.lottecard.co.kr/spa/card/card-apl/card-application-division,카드>신용카드>신청구분,spa>card>card-apl>card-application-division,2660
https://mweb2.lottecard.co.kr/spa/prepare,혜택>반띵메인,spa>prepare,2611
https://dars.lottecard.co.kr/spa/my/card-resign,DARS>MY>카드해지신청>카드해지신청게이트페이지,spa>my>card-resign,2611
https://m.lottecard.co.kr/spa/card/card-apl/card-info-modify,카드>카드안내/신청>정보수정,spa>card>card-apl>card-info-modify,2494
https://m.lottecard.co.kr/spa/card/card-issue/card-use-rg/cert,카드>카드 발급/수령>본인인증(비로그인 시),spa>card>card-issue>card-use-rg>cert,2484
https://m.lottecard.co.kr/spa/finance/shortTernLoanInfo,금융>단기카드대출>단기카드대출안내,spa>finance>shortTernLoanInfo,2298
https://mweb2.lottecard.co.kr/front/card/basic/credit/info/card-find-tab/,카드>카드안내>카드찾기,front>card>basic>credit>info>card-find-tab,2210
https://mweb2.lottecard.co.kr/front/my/payments/regular/life-charge/electricity/,정기결제>생활요금>전기요금,front>my>payments>regular>life-charge>electricity,2181
https://selly.lottecard.co.kr/salesReport/deposit,셀리>매출/입금조회>입금내역>입금내역,salesReport>deposit,2181
https://dars.lottecard.co.kr/spa/my/account-change,DARS>MY>결제계좌조회/변경>결제계좌조회/변경,spa>my>account-change,2112
https://m.lottecard.co.kr/app/LPBNFDA_V100.lc,혜택>이벤트>전체이벤트,app>LPBNFDA_V100.lc,2103
https://dars.lottecard.co.kr/spa/finance/shortTernLoanInfo,DARS>금융>단기카드대출>단기카드대출안내,spa>finance>shortTernLoanInfo,2093
https://m.lottecard.co.kr/spa/card/gift-card,카드>선불카드>상품권/기프트카드,spa>card>gift-card,1897
https://mweb2.lottecard.co.kr/spa/card/card-apl/card-prv-all,카드>신용카드>약관동의,spa>card>card-apl>card-prv-all,1888
https://mweb2.lottecard.co.kr/app/CertPwdViewController,로그인>인증서로그인>공동인증서선택,로그인>인증서로그인>공동인증서선택,1868
https://mcapp.lottecard.co.kr/app/LCACCCD_V100.lc,법인>이용대금명세서,app>LCACCCD_V100.lc,1829
https://dars.lottecard.co.kr/spa/finance/receiptShortTernLoan,DARS>금융>단기카드대출>단기카드대출신청,spa>finance>receiptShortTernLoan,1731
https://dars.lottecard.co.kr/spa/mydata/service-join/direct-payment-prv,DARS>마이데이터>자산추가>상세정보전송요구동의_즉시결제완료후,spa>mydata>service-join>direct-payment-prv,1692
https://mweb2.lottecard.co.kr/app/CardAuthViewController,회원가입>본인인증,회원가입>본인인증,1594
https://mweb2.lottecard.co.kr/spa/card/card-apl/card-application-division,카드>신용카드>신청구분,spa>card>card-apl>card-application-division,1575
https://mweb2.lottecard.co.kr/app/IntroActivity,MAIN>스플래쉬,MAIN>스플래쉬,1555
https://dars.lottecard.co.kr/spa/finance/revolving/revolving-info,DARS>금융>일부결제금액이월약정(리볼빙)>일부결제금액이월약정(리볼빙)>이용중,spa>finance>revolving>revolving-info,1477
https://mweb2.lottecard.co.kr/spa/card/card-apl/card-id-ctf-drt,카드>신용카드>신분증인증-직접입력,spa>card>card-apl>card-id-ctf-drt,1457
https://m.lottecard.co.kr/app/LPMCDCB_V200.lc,MEMBERS>MobileWeb로그인>로그인,app>LPMCDCB_V200.lc,1438
https://mweb2.lottecard.co.kr/front/benefit/partners/lgu/apply,혜택>파트너>LGU플러스>신청,front>benefit>partners>lgu>apply,1428
https://mweb2.lottecard.co.kr/app/LPPAYCG_V100.lc,정기결제>드라이빙케어>드라이빙케어_미가입,app>LPPAYCG_V100.lc,1399
https://mweb2.lottecard.co.kr/app/SettingVerifyIdentityByCardNoticeViewController,로카페이>설정>카드본인확인서비스>신청전,로카페이>설정>카드본인확인서비스>신청전,1389
https://m.lottecard.co.kr/app/LPCVNDC_V100.lc,생활편의>해외원화승인차단>해외원화승인차단_비로그인상태,app>LPCVNDC_V100.lc,1340
https://mweb2.lottecard.co.kr/spa/card/card-apl/card-info-modify,카드>카드안내/신청>정보수정,spa>card>card-apl>card-info-modify,1311
https://mweb2.lottecard.co.kr/spa/my/noti-service/credit-guard,MY>알림서비스>이용중,MY>알림서비스>이용중,1301
https://mweb2.lottecard.co.kr/app/CertCenterViewController,로그인>인증서로그인>인증서설정,로그인>인증서로그인>인증서설정,1252
https://dars.lottecard.co.kr/spa/finance/receiptShortTernLoan/receiptInfo,DARS>금융>단기카드대출>단기카드대출정보확인,spa>finance>receiptShortTernLoan>receiptInfo,1213
https://m.lottecard.co.kr/app/LPBNFTA_V100.lc,혜택>플랜할인프로모션>롯데카드플랜할인_신청전,app>LPBNFTA_V100.lc,1213
https://mweb2.lottecard.co.kr/front/satellite/thing,띵콘텐츠,front>satellite>thing,1203
https://m.lottecard.co.kr/spa/finance/revolving/revolving-bf-use,금융>일부결제금액이월약정(리볼빙)>일부결제금액이월약정>이용안내,spa>finance>revolving>revolving-bf-use,1174
https://mweb2.lottecard.co.kr/spa/card-card-apl/with-application,카드>신용카드>함께신청,spa>card-card-apl>with-application,1154
https://dars.lottecard.co.kr/spa/mydata/service-join/direct-payment-mydata-join,DARS>마이데이터>자산추가>이용약관동의,spa>mydata>service-join>direct-payment-mydata-join,1154
https://mcapp.lottecard.co.kr/app/LCACCDA_V100.lc,법인>카드한도조회신청,app>LCACCDA_V100.lc,1144
https://dars.lottecard.co.kr/spa/my/document-application/utilization-itemization,DARS>MY>서류발급신청>이용내역확인서,spa>my>document-application>utilization-itemization,1125
https://mweb2.lottecard.co.kr/app/LPCDXAA_V001.lc,카드>브랜드카드>카드정보,app>LPCDXAA_V001.lc,1105
https://dars.lottecard.co.kr/spa/my/installment-payment,DARS>MY>분할납부(할부전환)>분할납부메인,spa>my>installment-payment,1086
https://dars.lottecard.co.kr/spa/my/document-application,MY>서류발급신청>서류발급신청,spa>my>document-application,1037
https://dars.lottecard.co.kr/app/LPMCDCB_V500.lc,DARS>MY>즉시결제>즉시결제처리내역조회,app>LPMCDCB_V500.lc,1027
https://mweb2.lottecard.co.kr/front/benefit/coupang-thing/main,혜택>쿠팡띵>메인,front>benefit>coupang-thing>main,988
https://m.lottecard.co.kr/app/LPBNFTE_V100.lc,혜택>롯데계열사플랜할인>롯데계열사플랜할인_신청전,app>LPBNFTE_V100.lc,968
https://m.lottecard.co.kr/spa/finance/receiptShortTernLoan,금융>단기카드대출>단기카드대출신청,spa>finance>receiptShortTernLoan,910
https://m.lottecard.co.kr/app/LPCDXAA_V001.lc,카드>브랜드카드>카드정보,app>LPCDXAA_V001.lc,900
https://m.lottecard.co.kr/spa/my/usage-payment,MY>결제예정금액>결제예정금액,spa>my>usage-payment,900
https://mweb2.lottecard.co.kr/front/benefit/app-tech/loquiz,혜택>앱태크>로퀴즈,front>benefit>app-tech>loquiz,861
https://mweb2.lottecard.co.kr/front/card/issuance,카드>카드발급내역,front>card>issuance,861
https://dars.lottecard.co.kr/spa/my/payment-date-change,DARS>MY>결제일변경>결제일변경,spa>my>payment-date-change,851
https://mweb2.lottecard.co.kr/front/finance/car/direct-auto,금융>다이렉트오토할부,front>finance>car>direct-auto,841
https://m.lottecard.co.kr/app/LPCSTRA_V100.lc,고객센터>공지사항,app>LPCSTRA_V100.lc,831
https://dars.lottecard.co.kr/spa/my/business-special-limit-gate,DARS>MY>입종별특별한도>입종별특별한도,spa>my>business-special-limit-gate,831
https://m.lottecard.co.kr/spa/my/usage-history,MY>이용내역(매출전표)>이용내역(매출전표),spa>my>usage-history,812
https://dars.lottecard.co.kr/spa/finance/revolving/revolving-bf-use,DARS>금융>일부결제금액이월약정(리볼빙)>일부결제금액이월약정>이용안내,spa>finance>revolving>revolving-bf-use,802
https://m.lottecard.co.kr/spa/card-card-apl/with-application,카드>신용카드>함께 신청,spa>card-card-apl>with-application,802
https://m.lottecard.co.kr/app/LPBNFCA_V300.lc,혜택>TOUCH>외부제휴사일반형쿠폰상세,app>LPBNFCA_V300.lc,792
https://dars.lottecard.co.kr/spa/finance/receiptShortTernLoan/finish,DARS>금융>단기카드대출>단기카드대출신청완료,spa>finance>receiptShortTernLoan>finish,763
https://dars.lottecard.co.kr/spa/finance/shortTernLoanReceiptList,DARS>금융>단기카드대출>내역조회,spa>finance>shortTernLoanReceiptList,724
https://m.lottecard.co.kr/spa/finance/receiptShortTernLoan/receiptInfo,금융>단기카드대출>단기카드대출정보확인,spa>finance>receiptShortTernLoan>receiptInfo,724
https://m.lottecard.co.kr/app/LPBNFOA_V100.lc,혜택>친구에게카드추천,app>LPBNFOA_V100.lc,714
https://dars.lottecard.co.kr/spa/card/card-issue/card-use-rg,DARS>카드>카드발급/수령>카드정보입력,spa>card>card-issue>card-use-rg,694
https://m.lottecard.co.kr/spa/finance/shortTernLoanReceiptList,금융>단기카드대출>내역조회,spa>finance>shortTernLoanReceiptList,694
https://dars.lottecard.co.kr/spa/card/card-issue/card-use-rg/cert,DARS>카드>카드발급/수령>본인인증(비로그인시),spa>card>card-issue>card-use-rg>cert,655
https://m.lottecard.co.kr/spa/card/card-issue/card-use-rg,카드>카드 발급/수령>카드정보입력,spa>card>card-issue>card-use-rg,655
https://dars.lottecard.co.kr/spa/card/card-issue/issue-state-inq,DARS>카드>카드발급/수령>발급진행상황,spa>card>card-issue>issue-state-inq,587
https://mweb2.lottecard.co.kr/app/SettingIdViewController,로그인>아이디로그인>본인인증,로그인>아이디로그인>정보입력(아이디가있는경우),548
https://m.lottecard.co.kr/front/my/payments/regular/collection/services/,정기결제>전체,front>my>payments>regular>collection>services,518
https://dars.lottecard.co.kr/app/LPBNFBB_V100.lc,DARS>혜택>포인트전환,app>LPBNFBB_V100.lc,499
https://dars.lottecard.co.kr/spa/my/recieve-statment-change,MY>명세서 수령방법 변경>명세서 수령방법 변경,spa>my>recieve-statment-change,489
https://m.lottecard.co.kr/front/my/payments/regular/life-charge/apt,정기결제>생활요금>아파트,front>my>payments>regular>life-charge>apt,479
https://m.lottecard.co.kr/spa/finance/receiptShortTernLoan/finish,금융>단기카드대출>단기카드대출신청완료,spa>finance>receiptShortTernLoan>finish,450
https://m.lottecard.co.kr/app/LPMCDCB_V210.lc,MY>즉시결제>결제방법선택,app>LPMCDCB_V210.lc,411
https://dars.lottecard.co.kr/spa/card-manager,DARS>메인>카드매니저>카드추천,spa>card-manager,411
https://mbt.lottecard.co.kr/app/ticketing/MPTRSBA_V100EB.lc,모빌리티>고속버스>배차조회>편도,app>ticketing>MPTRSBA_V100EB.lc,401
https://dars.lottecard.co.kr/spa/mydata/service-join/assets-linkage/certification-method-choice-reconnect,DARS>마이데이터>자산연결>2차인증방법선택,spa>mydata>service-join>assets-linkage>certification-method-choice-reconnect,391
https://dars.lottecard.co.kr/spa/my/payment-itemization,DARS>MY>이용금액입금내역>이용금액입금내역,spa>my>payment-itemization,381
https://dars.lottecard.co.kr/spa/my/account-change-cert,DARS>MY>결제계좌조회/변경>결제계좌조회/변경공동인증,spa>my>account-change-cert,381
https://dars.lottecard.co.kr/spa/my/split-card-payment-apply,DARS>MY>나누기카드(할부전환)>나누기분할납부신청,spa>my>split-card-payment-apply,352
https://m.lottecard.co.kr/app/LPMCDCB_V100.lc,MY>즉시결제,app>LPMCDCB_V100.lc,342
https://dars.lottecard.co.kr/spa/my/virtual-account,DARS>MY>가상계좌신청.조회>가상계좌신청.조회,spa>my>virtual-account,323
https://m.lottecard.co.kr/app/LPMCDCB_V230.lc,MY>즉시결제,app>LPMCDCB_V230.lc,323
https://dars.lottecard.co.kr/app/LPCSTEA_V100.lc,DARS>고객센터>상담방법안내,app>LPCSTEA_V100.lc,303
https://dars.lottecard.co.kr/spa/my/noti-service,DARS>MY>알림서비스>알림서비스,spa>my>noti-service,284
https://dars.lottecard.co.kr/spa/my/noti-service/card-usage-noti,DARS>MY>일링서비스>이용중,spa>my>noti-service>card-usage-noti,284
https://locashop.lottecard.co.kr/mypage/order/detail,띵샵>마이페이지>주문>목록,mypage>order>detail,284
https://m.lottecard.co.kr/spa/benefit/couponBoxCommon,혜택>쿠폰함_TOUCH,spa>benefit>couponBoxCommon,264
https://dars.lottecard.co.kr/spa/my/traffic-hipass-usage-history,DARS>MY>교동하이패스이용내역>교동하이패스이용내역,spa>my>traffic-hipass-usage-history,264
https://m.lottecard.co.kr/spa/my/usage-limit-home,MY>이용한도>신용카드 이용한도 조회,spa>my>usage-limit-home,264
https://dars.lottecard.co.kr/spa/mydata/personal-data-account/myaccount,모빌리티>메인_마이데이터>계좌_내계좌>메인,spa>mydata>personal-data-account>myaccount,225
https://dars.lottecard.co.kr/app/LPBNFBD_V100.lc,DARS>혜택>포인트사용_L.POINTCase,app>LPBNFBD_V100.lc,225
https://mweb2.lottecard.co.kr/spa/card/card-apl/card-billing-statement,카드>신용카드>이용대금명세서 수신,spa>card>card-apl>card-billing-statement,215
https://m.lottecard.co.kr/app/LPBNFCD_V100.lc,혜택>TOUCH>TOUCH혜택찾기,app>LPBNFCD_V100.lc,215
https://mweb2.lottecard.co.kr/spa/card/card-apl/card-stt-inf,카드>신용카드>결제정보,spa>card>card-apl>card-stt-inf,215
https://m.lottecard.co.kr/app/LPPAYCM_V100.lc,정기결제>폰케어>폰케어_미가입,app>LPPAYCM_V100.lc,215
https://mweb2.lottecard.co.kr/spa/card/card-apl/card-use-notification,카드>신용카드>카드사용내역 알림,spa>card>card-apl>card-use-notification,205
https://dars.lottecard.co.kr/spa/my/noti-setting,MY>알림설정>알림설정,spa>my>noti-setting,205
https://mbt.lottecard.co.kr/app/seatselect/MPCHOAA_V100.lc,모빌리티>시외버스>좌석선택>편도,app>seatselect>MPCHOAA_V100.lc,205
https://m.lottecard.co.kr/front/finance/loans/long-term/apply-completed,금융>장기카드대출>신청완료,front>finance>loans>long-term>apply-completed,196
https://mweb2.lottecard.co.kr/spa/card/card-apl/card-income-type,카드>신용카드>소득유형,spa>card>card-apl>card-income-type,196
https://m.lottecard.co.kr/spa/finance/loan-transfer-index,금융>대환대출>이용안내,spa>finance>loan-transfer-index,196
https://dars.lottecard.co.kr/front/satellite/finance/,DARS>금융,front>satellite>finance,196
https://mweb2.lottecard.co.kr/spa/card/card-apl/card-select-destination,카드>신용카드>배송지선택,spa>card>card-apl>card-select-destination,196
https://m.lottecard.co.kr/front/my/payments/regular/life-charge/apt/apply,정기결제>생활요금>아파트>신청,front>my>payments>regular>life-charge>apt>apply,196
https://dars.lottecard.co.kr/app/LPBNFQD_V100.lc,DARS>혜택>국가바우처,app>LPBNFQD_V100.lc,186
https://dars.lottecard.co.kr/app/LPCSTHA_V300.lc,DARS>고객센터>재발급신청>재발급신청완료,app>LPCSTHA_V300.lc,176
https://dars.lottecard.co.kr/spa/benefit/point,DARS>혜택>포인트/마일리지조회,spa>benefit>point,176
https://m.lottecard.co.kr/spa/card/card-issue/issue-state-inq,카드>카드 발급/수령>발급 진행상황,spa>card>card-issue>issue-state-inq,166
https://dars.lottecard.co.kr/app/LPCSTHA_V200.lc,DARS>고객센터>재발급신청>배송지선택_알림서비스_노출,app>LPCSTHA_V200.lc,166
https://dars.lottecard.co.kr/spa/my/payment-date-change-success,MY>결제일 변경>결제일 변경완료,spa>my>payment-date-change-success,156
https://m.lottecard.co.kr/spa/my/installment-payment-apply,MY>분할납부(할부전환)>분할납부신청,spa>my>installment-payment-apply,147
https://dars.lottecard.co.kr/front/finance/loans/long-term/repayment/apply,DARS>금융>장기카드대출>상환>신청,front>finance>loans>long-term>repayment>apply,147
https://dars.lottecard.co.kr/app/LPBNFBC_V100.lc,DARS>혜택>포인트캐시백,app>LPBNFBC_V100.lc,147
https://m.lottecard.co.kr/app/LPPAYCA_V100.lc,정기결제>안심쇼핑>안심쇼핑_미가입,app>LPPAYCA_V100.lc,147
https://dars.lottecard.co.kr/spa/my/usage-limit-main,DARS>MY>이용한도메인>이용한도메인,spa>my>usage-limit-main,147
https://locashop.lottecard.co.kr/mypage/thing-coin/,띵샵>마이페이지>띵코인,mypage>thing-coin,137
https://mweb2.lottecard.co.kr/front/my/payments/weekly/history/,정기결제>생활요금>위클리>이력,front>my>payments>weekly>history,137
https://cmweb2.lottecard.co.kr/native/main/MA_1_1,메인>정회원,native>main>MA_1_1,127
https://dars.lottecard.co.kr/app/LPCSTFA_V300.lc,DARS>고객센터>분실신고>접수완료,app>LPCSTFA_V300.lc,127
https://dars.lottecard.co.kr/app/LPOPBBA_V101.lc,DARS>오픈뱅킹>서비스가입>오픈뱅킹필수적동의,app>LPOPBBA_V101.lc,127
https://dars.lottecard.co.kr/app/LPOPBBB_V110.lc,DARS>오픈뱅킹>계좌/카드한눈에보기(오픈뱅킹)>내계좌,app>LPOPBBB_V110.lc,127
https://m.lottecard.co.kr/spa/my/noti-service/card-usage-noti,MY>알림서비스>가입 전,spa>my>noti-service>card-usage-noti,117
https://dars.lottecard.co.kr/front/finance/loans/long-term/apply-completed,DARS>금융>장기카드대출>신청완료,front>finance>loans>long-term>apply-completed,117
https://m.lottecard.co.kr/spa/my/traffic-hipass-usage-history,MY>교통 · 하이패스 이용내역>교통 · 하이패스 이용내역,spa>my>traffic-hipass-usage-history,108
https://m.lottecard.co.kr/spa/my/usage-limit-gate,MY>이용한도 게이트페이지>이용한도 게이트페이지,spa>my>usage-limit-gate,108
https://mweb2.lottecard.co.kr/app/LoginActivity,로그인,로그인,108
https://dars.lottecard.co.kr/app/LPBNFBB_V101.lc,DARS>혜택>포인트전환>대상포인트/마일리지로전환,app>LPBNFBB_V101.lc,108
https://m.lottecard.co.kr/app/LPPAYCG_V100.lc,정기결제>드라이빙케어>드라이빙케어_미가입,app>LPPAYCG_V100.lc,108
https://dars.lottecard.co.kr/spa/mydata/main,마이데이터>메인_자산관리,spa>mydata>main,108
https://m.lottecard.co.kr/spa/my/installment-payment,MY>분할납부(할부전환)>분할납부메인,spa>my>installment-payment,108
https://mweb2.lottecard.co.kr/spa/my/usage-limit-up-complete,MY>이용한도상향완료>이용한도상향완료,spa>my>usage-limit-up-complete,98
https://cmweb2.lottecard.co.kr/app/spa-menu.lc,전체메뉴,app>spa-menu.lc,98
https://dars.lottecard.co.kr/app/LPBNFTE_V400.lc,DARS>혜택>롯데계열사플랜할인>플랜할인내역_신청후(1회차),app>LPBNFTE_V400.lc,98
https://dars.lottecard.co.kr/spa/my/business-special-limit-apply,MY>업종별 특별한도>업종별 특별한도 신청,spa>my>business-special-limit-apply,98
https://dars.lottecard.co.kr/spa/my/noti-service/credit-care,MY>알림서비스>이용중,spa>my>noti-service>credit-care,98
https://dars.lottecard.co.kr/spa/my/recieve-statment-change-success,MY>명세서 수령방법 변경>명세서 수령방법 변경완료,spa>my>recieve-statment-change-success,88
https://dars.lottecard.co.kr/spa/my/noti-service/large-payment-noti,MY>알림서비스>이용중,spa>my>noti-service>large-payment-noti,78
https://cmweb2.lottecard.co.kr/spa/intergrated-search,통합검색,spa>intergrated-search,78
https://dars.lottecard.co.kr/app/LPBNFBD_V600.lc,혜택>포인트사용_L.POINTCase>납부할결제대금입력,app>LPBNFBD_V600.lc,78
https://m.lottecard.co.kr/app/LPBNFCA_V120.lc,MEMBERS>MobileWeb로그인>로그인,app>LPBNFCA_V120.lc,78
https://mweb2.lottecard.co.kr/spa/card/card-apl/card-password,카드>카드안내/신청>비밀번호설정,spa>card>card-apl>card-password,78
https://m.lottecard.co.kr/front/my/payments/regular/life-charge/apt/,정기결제>생활요금>아파트,front>my>payments>regular>life-charge>apt,68
https://cmweb2.lottecard.co.kr/spa/benefit/half-landing,혜택>반띵랜딩,spa>benefit>half-landing,68
https://m.lottecard.co.kr/spa/my/noti-service/credit-care,MY>알림서비스>가입 전,spa>my>noti-service>credit-care,68
https://dars.lottecard.co.kr/spa/my/installment-payment-history,MY>분할납부(할부전환)>분할납부신청내역,spa>my>installment-payment-history,68
https://m.lottecard.co.kr/app/LPBNFBB_V100.lc,혜택>포인트전환,app>LPBNFBB_V100.lc,68
https://mweb2.lottecard.co.kr/front/my/payments/weekly,정기결제>생활요금>위클리,front>my>payments>weekly,68
https://m.lottecard.co.kr/app/LPBNFBA_V102.lc,혜택>포인트/마일리지조회,app>LPBNFBA_V102.lc,59
https://dars.lottecard.co.kr/app/LPBNFOA_V100.lc,혜택>친구에게카드추천,app>LPBNFOA_V100.lc,59
https://dars.lottecard.co.kr/front/my/payments/regular/collection/,DARS>MY>정기결제>전체,front>my>payments>regular>collection,59
https://dars.lottecard.co.kr/spa/finance/revolving/revolving-apply-init,금융>일부결제금액이월약정(리볼빙)>일부결제금액이월약정>약정결제비율설정,spa>finance>revolving>revolving-apply-init,59
https://m.lottecard.co.kr/app/LPPAYBF_V100.lc,정기결제>도시가스>도시가스요금안내_미이용,app>LPPAYBF_V100.lc,59
https://cmweb2.lottecard.co.kr/app/LoginExtendActivity,로그인,로그인,59
https://m.lottecard.co.kr/spa/my/card-resign,MY>카드해지신청>카드해지신청게이트페이지,spa>my>card-resign,49
https://dars.lottecard.co.kr/front/card/basic/credit/info/likit1.2/,DARS>카드>카드안내>Likit1.2,front>card>basic>credit>info>likit1.2,49
https://m.lottecard.co.kr/app/LPPAYCL_V100.lc,정기결제>안심플러스>안심플러스_미가입,app>LPPAYCL_V100.lc,49
https://dars.lottecard.co.kr/spa/my/split-card-payment,MY>나누기카드(할부전환)>나누기카드메인,spa>my>split-card-payment,49
https://m.lottecard.co.kr/app/LPBNFQD_V100.lc,혜택>국가바우처,app>LPBNFQD_V100.lc,49
https://m.lottecard.co.kr/spa/my/noti-setting/marketing,MY>알림설정>마케팅정보 수신 동의 및 동의 철회,spa>my>noti-setting>marketing,49
https://m.lottecard.co.kr/spa/my/recieve-statment-change,MY>명세서 수령방법 변경>명세서 수령방법 변경,spa>my>recieve-statment-change,49
https://locashop.lottecard.co.kr/order/complete,띵샵>주문,order>complete,39
https://dars.lottecard.co.kr/spa/my/usage-limit-up,MY>이용한도 상향>이용한도 상향,spa>my>usage-limit-up,39
https://m.lottecard.co.kr/app/LPMCDCB_V500.lc,MY>즉시결제>즉시결제처리내역조회,app>LPMCDCB_V500.lc,39
https://dars.lottecard.co.kr/app/LPBNFTA_V100.lc,DARS>혜택>플랜할인프로모션>롯데카드플랜할인_신청전,app>LPBNFTA_V100.lc,39
https://dars.lottecard.co.kr/spa/benefit/finance-half-thing,혜택>금융이자반띵메인,spa>benefit>finance-half-thing,39
https://m.lottecard.co.kr/app/LPBNFTB_V100.lc,혜택>롯데카드플랜할인>플랜할인내역_신청후(1회차),app>LPBNFTB_V100.lc,39
https://mweb2.lottecard.co.kr/spa/cdd/customer-due-diligence-cert3,CDD>인증3>고객확인의무재이행정보입력직업신분증,spa>cdd>customer-due-diligence-cert3,39
https://mweb2.lottecard.co.kr/spa/cdd/customer-due-diligence-cert2,CDD>인증2>고객확인의무재이행 정보입력 직업 거래목적,spa>cdd>customer-due-diligence-cert2,39
https://dars.lottecard.co.kr/spa/my/noti-setting/psnl-credit,MY>알림설정>개인/신용 정보수집 이용제공 동의 및 동의 철회,spa>my>noti-setting>psnl-credit,29
https://dars.lottecard.co.kr/app/LPPAYBF_V100.lc,정기결제>도시가스>도시가스요금안내_미이용,app>LPPAYBF_V100.lc,29
https://dars.lottecard.co.kr/spa/card/cards/credit/catalog/card-detail,DARS>결제매니저>결제금액설정>메인페이지,spa>card>cards>credit>catalog>card-detail,29
https://dars.lottecard.co.kr/spa/card/gift-card,카드>선불카드>상품권/기프트카드,spa>card>gift-card,29
https://dars.lottecard.co.kr/app/LPBNFBD_V610.lc,혜택>포인트사용_L.POINTCase>납부완료,app>LPBNFBD_V610.lc,29
https://m.lottecard.co.kr/spa/card/cards/credit/catalog/card-detail,카드>신용카드>카드정보,spa>card>cards>credit>catalog>card-detail,29
https://dars.lottecard.co.kr/spa/mydata/service-join/assets-linkage,DARS>마이데이터>자산연결>서비스약관동의,spa>mydata>service-join>assets-linkage,29
https://dars.lottecard.co.kr/spa/card/card-apl/card-ineligible,카드>카드안내/신청>부적격,spa>card>card-apl>card-ineligible,29
https://dars.lottecard.co.kr/app/LPCSTFA_V200.lc,DARS>고객센터>분실신고>분실카드선택,app>LPCSTFA_V200.lc,29
https://mweb2.lottecard.co.kr/app/LPPAYBF_V500.lc,정기결제>도시가스요금>도시가스요금안내_이용중,app>LPPAYBF_V500.lc,29
https://dars.lottecard.co.kr/app/LPOPBBB_V200.lc,DARS>오픈뱅킹>계좌/카드한눈에보기(오픈뱅킹)>내계좌>입출금내역,app>LPOPBBB_V200.lc,29
https://m.lottecard.co.kr/spa/mydata/service-join/direct-payment-mydata-join,마이데이터>자산추가>이용약관동의,spa>mydata>service-join>direct-payment-mydata-join,29
https://m.lottecard.co.kr/app/LPBNFQD_V300.lc,혜택>국가바우처>이용내역조회,app>LPBNFQD_V300.lc,29
https://dars.lottecard.co.kr/spa/mydata/service-join/assets-linkage/bureau-choice,마이데이터>자산연결>연결금융기관 선택,spa>mydata>service-join>assets-linkage>bureau-choice,29
https://m.lottecard.co.kr/app/LPPAYCA_V300.lc,MEMBERS>MobileWeb로그인>로그인,app>LPPAYCA_V300.lc,20
https://dars.lottecard.co.kr/app/LPOPBBB_V100.lc,DARS>오픈뱅킹>계좌&middot;카드,app>LPOPBBB_V100.lc,20
https://m.lottecard.co.kr/spa/my/installment-payment-history,MY>분할납부(할부전환)>분할납부신청내역,spa>my>installment-payment-history,20
https://m.lottecard.co.kr/app/LPBNFBB_V101.lc,혜택>포인트전환>대상포인트/마일리지로전환,app>LPBNFBB_V101.lc,20
https://mweb2.lottecard.co.kr/app/LPCSTGA_V110.lc,고객센터>분실신고해제>분실신고내역,app>LPCSTGA_V110.lc,20
https://dars.lottecard.co.kr/app/LPCVNDB_V100.lc,생활편의>해외이용안심설정,app>LPCVNDB_V100.lc,20
https://dars.lottecard.co.kr/app/LPCSTBA_V200.lc,고객센터>이메일상담,app>LPCSTBA_V200.lc,20
https://dars.lottecard.co.kr/spa/my/noti-setting/marketing,MY>알림설정>마케팅정보 수신 동의 및 동의 철회,spa>my>noti-setting>marketing,20
https://dars.lottecard.co.kr/app/LPCSTHA_V110.lc,DARS>고객센터>재발급신청>카드선택,app>LPCSTHA_V110.lc,20
https://m.lottecard.co.kr/spa/finance/revolving/revolving-apply-init,금융>일부결제금액이월약정(리볼빙)>일부결제금액이월약정>약정결제비율설정,spa>finance>revolving>revolving-apply-init,20
https://mweb2.lottecard.co.kr/app/ARSAuthViewController,로카페이>등록>ARS인증,로카페이>등록>ARS인증>연결중안내,20
https://cmweb2.lottecard.co.kr/spa/local/lnc-v-dpay-dtl,로컬>점심값반띵>내주변,spa>local>lnc-v-dpay-dtl,10
https://dars.lottecard.co.kr/spa/finance/revolving/revolving-resign,금융>일부결제금액이월약정(리볼빙)>일부결제금액이월약정 > 해지정보 확인,spa>finance>revolving>revolving-resign,10
https://m.lottecard.co.kr/app/LPCSTFA_V300.lc,고객센터>분실신고>접수완료,app>LPCSTFA_V300.lc,10
https://dars.lottecard.co.kr/spa/my/noti-service/credit-care-plus,MY>알림서비스>가입 전,spa>my>noti-service>credit-care-plus,10
https://cmweb2.lottecard.co.kr/spa/benefit/couponBoxCommon,혜택>쿠폰함_롯데백화점,spa>benefit>couponBoxCommon,10
https://mweb2.lottecard.co.kr/app/PaymentTypeBarcodeFragment,로카페이>결제>현장결제>바코드_인증후,로카페이>결제>바코드결제>바코드_인증후,10
https://m.lottecard.co.kr/spa/my/recieve-statment-change-success,MY>명세서 수령방법 변경>명세서 수령방법 변경완료,spa>my>recieve-statment-change-success,10
https://dars.lottecard.co.kr/spa/card/card-apl/card-prv-all,카드>신용카드>신분증인증 - 직접입력,spa>card>card-apl>card-prv-all,10
https://dars.lottecard.co.kr/app/LPCSTGA_V110.lc,DARS>고객센터>분실신고해제>분실신고내역,app>LPCSTGA_V110.lc,10
https://m.lottecard.co.kr/spa/my/noti-service/large-payment-noti,MY>알림서비스>가입 전,spa>my>noti-service>large-payment-noti,10
https://m.lottecard.co.kr/spa/my/noti-service/credit-care-plus,MY>알림서비스>가입 전,spa>my>noti-service>credit-care-plus,10
https://m.lottecard.co.kr/spa/mydata/personal-data-account/myaccount,모빌리티>메인_마이데이터>계좌_내계좌>메인,spa>mydata>personal-data-account>myaccount,10
https://dars.lottecard.co.kr/app/LPOPBBA_V100.lc,오픈뱅킹>서비스가입>오픈뱅킹계좌&middot;카드,app>LPOPBBA_V100.lc,10
https://m.lottecard.co.kr/spa/my/card-password-change,"MY>카드 비밀번호 등록,변경>카드 비밀번호 등록,변경 정보입력",spa>my>card-password-change,10
https://m.lottecard.co.kr/spa/my/account-change-cert,MY>결제계좌 조회/변경>결제계좌 조회/변경 공동인증,spa>my>account-change-cert,10
https://m.lottecard.co.kr/spa/my/account-change,MY>결제계좌 조회/변경>결제계좌 조회/변경,spa>my>account-change,10
https://dars.lottecard.co.kr/app/LPCVNDC_V100.lc,생활편의>해외원화승인차단,app>LPCVNDC_V100.lc,10
https://m.lottecard.co.kr/spa/finance/revolving/revolving-resign,금융>일부결제금액이월약정(리볼빙)>일부결제금액이월약정 > 해지정보 확인,spa>finance>revolving>revolving-resign,10
https://m.lottecard.co.kr/spa/finance/revolving/revolving-info,금융>일부결제금액이월약정(리볼빙)>일부결제금액이월약정(리볼빙)>이용중,spa>finance>revolving>revolving-info,10
https://m.lottecard.co.kr/app/LPBNFBC_V100.lc,혜택>포인트캐시백,app>LPBNFBC_V100.lc,10
https://m.lottecard.co.kr/app/LPBNFBD_V600.lc,혜택>포인트사용_L.POINTCase>납부할결제대금입력,app>LPBNFBD_V600.lc,10
https://m.lottecard.co.kr/app/LPBNFBD_V610.lc,혜택>포인트사용_L.POINTCase>납부완료,app>LPBNFBD_V610.lc,10
https://m.lottecard.co.kr/spa/my/split-card-payment-apply,MY>나누기카드(할부전환)>나누기분할납부신청,spa>my>split-card-payment-apply,10
https://dars.lottecard.co.kr/spa/card/card-apl/card-info-modify,카드>신용카드>부가서비스신청,spa>card>card-apl>card-info-modify,10
https://mweb2.lottecard.co.kr/spa/my/usage-limit-home,MY>이용한도>신용카드 이용한도 조회,spa>my>usage-limit-home,10
https://m.lottecard.co.kr/spa/my/noti-service,MY>알림서비스>알림서비스,spa>my>noti-service,10
